IID	GROUP	IMG_ID	TYPE	JGI_GENOMEPORTAL_NAME	Completeness
AG-311-D23	Prochlorococcus	2716884681	SAG	Uncultured_Prochlorococcus_sp._AG-311-D23	72.96
AG-311-I02	Prochlorococcus	2716884682	SAG	Uncultured_Prochlorococcus_sp._AG-311-I02	11.16
AG-311-I09	Prochlorococcus	2716884683	SAG	Uncultured_Prochlorococcus_sp._AG-311-I09	47.41
AG-311-J05	Prochlorococcus	2716884684	SAG	Uncultured_Prochlorococcus_sp._AG-311-J05	34.64
AG-311-J23	Prochlorococcus	2716884685	SAG	Uncultured_Prochlorococcus_sp._AG-311-J23	77.9
AG-311-K14	Prochlorococcus	2716884632	SAG	Uncultured_Prochlorococcus_sp._AG-311-K14	20.69
AG-311-K21	Prochlorococcus	2716884633	SAG	Uncultured_Prochlorococcus_sp._AG-311-K21	46.35
AG-311-K22	Prochlorococcus	2716884634	SAG	Uncultured_Prochlorococcus_sp._AG-311-K22	12.5
AG-311-L21	Prochlorococcus	2716884635	SAG	Uncultured_Prochlorococcus_sp._AG-311-L21	15.67
AG-311-L23	Prochlorococcus	2716884686	SAG	Uncultured_Prochlorococcus_sp._AG-311-L23	4.17
AG-311-M15	Prochlorococcus	2716884687	SAG	Uncultured_Prochlorococcus_sp._AG-311-M15	10.34
AG-311-M23	Prochlorococcus	2716884636	SAG	Uncultured_Prochlorococcus_sp._AG-311-M23	41.78
AG-311-N19	Prochlorococcus	2716884637	SAG	Uncultured_Prochlorococcus_sp._AG-311-N19	16.11
AG-315-A03	Prochlorococcus	2716884688	SAG	Uncultured_Prochlorococcus_sp._AG-315-A03	29.31
AG-315-B03	Prochlorococcus	2716884689	SAG	Uncultured_Prochlorococcus_sp._AG-315-B03	56.97
AG-315-C08	Prochlorococcus	2716884690	SAG	Uncultured_Prochlorococcus_sp._AG-315-C08	53.87
AG-315-C22	Prochlorococcus	2716884691	SAG	Uncultured_Prochlorococcus_sp._AG-315-C22	40.3
AG-315-D17	Prochlorococcus	2716884692	SAG	Uncultured_Prochlorococcus_sp._AG-315-D17	50.18
AG-315-I10	Prochlorococcus	2716884638	SAG	Uncultured_Prochlorococcus_sp._AG-315-I10	12.24
AG-315-I14	Prochlorococcus	2716884639	SAG	Uncultured_Prochlorococcus_sp._AG-315-I14	50.93
AG-315-J23	Prochlorococcus	2716884693	SAG	Uncultured_Prochlorococcus_sp._AG-315-J23	32.29
AG-315-K21	Prochlorococcus	2716884694	SAG	Uncultured_Prochlorococcus_sp._AG-315-K21	24.2
AG-315-L02	Prochlorococcus	2716884695	SAG	Uncultured_Prochlorococcus_sp._AG-315-L02	22.28
AG-315-L09	Prochlorococcus	2716884696	SAG	Uncultured_Prochlorococcus_sp._AG-315-L09	14.04
AG-315-M16	Prochlorococcus	2716884697	SAG	Uncultured_Prochlorococcus_sp._AG-315-M16	31.03
AG-315-N18	Prochlorococcus	2716884640	SAG	Uncultured_Prochlorococcus_sp._AG-315-N18	45.52
AG-315-O03	Prochlorococcus	2716884641	SAG	Uncultured_Prochlorococcus_sp._AG-315-O03	28.69
AG-316-A05	Prochlorococcus	2716884642	SAG	Uncultured_Prochlorococcus_sp._AG-316-A05	6.9
AG-316-G21	Prochlorococcus	2716884643	SAG	Uncultured_Prochlorococcus_sp._AG-316-G21	6.9
AG-316-L16	Prochlorococcus	2716884698	SAG	Uncultured_Prochlorococcus_sp._AG-316-L16	20.69
AG-316-L21	Prochlorococcus	2716884699	SAG	Uncultured_Prochlorococcus_sp._AG-316-L21	10.34
AG-316-N21	Prochlorococcus	2716884644	SAG	Uncultured_Prochlorococcus_sp._AG-316-N21	0
AG-316-N23	Prochlorococcus	2716884700	SAG	Uncultured_Prochlorococcus_sp._AG-316-N23	20.69
AG-316-P23	Prochlorococcus	2716884701	SAG	Uncultured_Prochlorococcus_sp._AG-316-P23	12.07
AG-321-B08	Prochlorococcus	2716884702	SAG	Uncultured_Prochlorococcus_sp._AG-321-B08	9.48
AG-321-B15	Prochlorococcus	2716884703	SAG	Uncultured_Prochlorococcus_sp._AG-321-B15	12.5
AG-321-D23	Prochlorococcus	2716884704	SAG	Uncultured_Prochlorococcus_sp._AG-321-D23	76.9
AG-321-E21	Prochlorococcus	2716884705	SAG	Uncultured_Prochlorococcus_sp._AG-321-E21	72.01
AG-321-F02	Prochlorococcus	2716884706	SAG	Uncultured_Prochlorococcus_sp._AG-321-F02	29.31
AG-321-G20	Prochlorococcus	2716884707	SAG	Uncultured_Prochlorococcus_sp._AG-321-G20	38.4
AG-321-G21	Prochlorococcus	2716884708	SAG	Uncultured_Prochlorococcus_sp._AG-321-G21	25
AG-321-I09	Prochlorococcus	2716884645	SAG	Uncultured_Prochlorococcus_sp._AG-321-I09	21.25
AG-321-K06	Prochlorococcus	2716884646	SAG	Uncultured_Prochlorococcus_sp._AG-321-K06	13.79
AG-321-K11	Prochlorococcus	2716884709	SAG	Uncultured_Prochlorococcus_sp._AG-321-K11	16.44
AG-321-L23	Prochlorococcus	2716884259	SAG	Uncultured_Prochlorococcus_sp._AG-321-L23	14.66
AG-321-M21	Prochlorococcus	2716884647	SAG	Uncultured_Prochlorococcus_sp._AG-321-M21	51.11
AG-321-O21	Prochlorococcus	2716884648	SAG	Uncultured_Prochlorococcus_sp._AG-321-O21	12.07
AG-321-P21	Prochlorococcus	2716884649	SAG	Uncultured_Prochlorococcus_sp._AG-321-P21	24.9
AG-323-A01	Synechococcus	2716884599	SAG	Uncultured_Synechococcus_sp._AG-323-A01	6.32
AG-323-A11	Synechococcus	2716884600	SAG	Uncultured_Synechococcus_sp._AG-323-A11	4.17
AG-323-F11	Synechococcus	2716884601	SAG	Uncultured_Synechococcus_sp._AG-323-F11	5.17
AG-323-G20	Synechococcus	2716884602	SAG	Uncultured_Synechococcus_sp._AG-323-G20	5.17
AG-323-O22	Synechococcus	2716884603	SAG	Uncultured_Synechococcus_sp._AG-323-O22	0
AG-331-A01	Prochlorococcus	2716884650	SAG	Uncultured_Prochlorococcus_sp._AG-331-A01	35.33
AG-331-A02	Prochlorococcus	2716884651	SAG	Uncultured_Prochlorococcus_sp._AG-331-A02	8.1
AG-331-B22	Prochlorococcus	2716884652	SAG	Uncultured_Prochlorococcus_sp._AG-331-B22	15.52
AG-331-B23	Prochlorococcus	2716884653	SAG	Uncultured_Prochlorococcus_sp._AG-331-B23	17.24
AG-331-C07	Prochlorococcus	2716884710	SAG	Uncultured_Prochlorococcus_sp._AG-331-C07	33.7
AG-331-D10	Prochlorococcus	2716884654	SAG	Uncultured_Prochlorococcus_sp._AG-331-D10	15.52
AG-331-D11	Prochlorococcus	2716884655	SAG	Uncultured_Prochlorococcus_sp._AG-331-D11	12.24
AG-331-E10	Prochlorococcus	2716884656	SAG	Uncultured_Prochlorococcus_sp._AG-331-E10	28.45
AG-331-E16	Prochlorococcus	2716884657	SAG	Uncultured_Prochlorococcus_sp._AG-331-E16	5.17
AG-331-F21	Prochlorococcus	2716884658	SAG	Uncultured_Prochlorococcus_sp._AG-331-F21	13.26
AG-331-J19	Prochlorococcus	2716884659	SAG	Uncultured_Prochlorococcus_sp._AG-331-J19	23.44
AG-331-J21	Prochlorococcus	2716884660	SAG	Uncultured_Prochlorococcus_sp._AG-331-J21	27.44
AG-331-K04	Prochlorococcus	2716884661	SAG	Uncultured_Prochlorococcus_sp._AG-331-K04	15.74
AG-331-M18	Prochlorococcus	2716884711	SAG	Uncultured_Prochlorococcus_sp._AG-331-M18	58.83
AG-335-A05	Prochlorococcus	2716884712	SAG	Uncultured_Prochlorococcus_sp._AG-335-A05	52.85
AG-335-B08	Prochlorococcus	2716884713	SAG	Uncultured_Prochlorococcus_sp._AG-335-B08	39.54
AG-335-C21	Prochlorococcus	2716884714	SAG	Uncultured_Prochlorococcus_sp._AG-335-C21	38.28
AG-335-D02	Prochlorococcus	2716884715	SAG	Uncultured_Prochlorococcus_sp._AG-335-D02	45.83
AG-335-D04	Prochlorococcus	2716884716	SAG	Uncultured_Prochlorococcus_sp._AG-335-D04	35.34
AG-335-E22	Prochlorococcus	2716884717	SAG	Uncultured_Prochlorococcus_sp._AG-335-E22	52.72
AG-335-F06	Prochlorococcus	2716884718	SAG	Uncultured_Prochlorococcus_sp._AG-335-F06	25.86
AG-335-I15	Prochlorococcus	2716884260	SAG	Uncultured_Prochlorococcus_sp._AG-335-I15	26.69
AG-335-I21	Prochlorococcus	2716884343	SAG	Uncultured_Prochlorococcus_sp._AG-335-I21	59.5
AG-335-J02	Prochlorococcus	2716884719	SAG	Uncultured_Prochlorococcus_sp._AG-335-J02	36.91
AG-335-J19	Prochlorococcus	2716884720	SAG	Uncultured_Prochlorococcus_sp._AG-335-J19	52.13
AG-335-L06	Prochlorococcus	2716884721	SAG	Uncultured_Prochlorococcus_sp._AG-335-L06	46.97
AG-335-N20	Prochlorococcus	2716884344	SAG	Uncultured_Prochlorococcus_sp._AG-335-N20	40.15
AG-335-O19	Prochlorococcus	2716884722	SAG	Uncultured_Prochlorococcus_sp._AG-335-O19	44.14
AG-335-P02	Prochlorococcus	2716884345	SAG	Uncultured_Prochlorococcus_sp._AG-335-P02	34.48
AG-341-A02	Prochlorococcus	2716884723	SAG	Uncultured_Prochlorococcus_sp._AG-341-A02	23.1
AG-341-B22	Prochlorococcus	2716884346	SAG	Uncultured_Prochlorococcus_sp._AG-341-B22	8.62
AG-341-E15	Prochlorococcus	2716884724	SAG	Uncultured_Prochlorococcus_sp._AG-341-E15	35.64
AG-341-I22	Prochlorococcus	2716884347	SAG	Uncultured_Prochlorococcus_sp._AG-341-I22	31.66
AG-341-K02	Prochlorococcus	2716884725	SAG	Uncultured_Prochlorococcus_sp._AG-341-K02	17.24
AG-341-K05	Prochlorococcus	2716884261	SAG	Uncultured_Prochlorococcus_sp._AG-341-K05	8.62
AG-341-L22	Prochlorococcus	2716884348	SAG	Uncultured_Prochlorococcus_sp._AG-341-L22	12.5
AG-341-N05	Prochlorococcus	2716884349	SAG	Uncultured_Prochlorococcus_sp._AG-341-N05	34.66
AG-341-O20	Prochlorococcus	2716884350	SAG	Uncultured_Prochlorococcus_sp._AG-341-O20	10.34
AG-341-P17	Prochlorococcus	2716884351	SAG	Uncultured_Prochlorococcus_sp._AG-341-P17	8.33
AG-345-D19	Uncultured-marine-virus	2716884854	SAG	Uncultured_marine_virus_AG-345-D19	0
AG-345-E02	Uncultured-marine-virus	2716884855	SAG	Uncultured_marine_virus_AG-345-E02	0
AG-345-E08	Uncultured-marine-virus	2716884582	SAG	Uncultured_marine_virus_AG-345-E08	0
AG-345-E15	Uncultured-marine-virus	2716884583	SAG	Uncultured_marine_virus_AG-345-E15	0
AG-345-F15	Uncultured-marine-virus	2716884584	SAG	Uncultured_marine_virus_AG-345-F15	0
AG-345-K09	Prochlorococcus	2716884352	SAG	Uncultured_Prochlorococcus_sp._AG-345-K09	3.45
AG-345-L05	Uncultured-marine-virus	2716884585	SAG	Uncultured_marine_virus_AG-345-L05	0
AG-345-M19	Prochlorococcus	2716884353	SAG	Uncultured_Prochlorococcus_sp._AG-345-M19	3.97
AG-345-O18	Uncultured-marine-virus	2716884586	SAG	Uncultured_marine_virus_AG-345-O18	0
AG-345-P13	Prochlorococcus	2716884354	SAG	Uncultured_Prochlorococcus_sp._AG-345-P13	4.94
AG-345-P14	Uncultured-marine-virus	2716884856	SAG	Uncultured_marine_virus_AG-345-P14	0
AG-347-B08	Prochlorococcus	2716884355	SAG	Uncultured_Prochlorococcus_sp._AG-347-B08	47.28
AG-347-B23	Prochlorococcus	2667527321	SAG	Prochlorococcus_sp._AG-347-B23	74.67
AG-347-C10	Prochlorococcus	2716884356	SAG	Uncultured_Prochlorococcus_sp._AG-347-C10	75.07
AG-347-E03	Prochlorococcus	2716884357	SAG	Uncultured_Prochlorococcus_sp._AG-347-E03	86.01
AG-347-E23	Prochlorococcus	2716884358	SAG	Uncultured_Prochlorococcus_sp._AG-347-E23	90.22
AG-347-G18	Prochlorococcus	2667527329	SAG	Prochlorococcus_sp._AG-347-G18	95.03
AG-347-G20	Prochlorococcus	2667527330	SAG	Prochlorococcus_sp._AG-347-G20	89.4
AG-347-G22	Prochlorococcus	2667527331	SAG	Prochlorococcus_sp._AG-347-G22	79.98
AG-347-I04	Prochlorococcus	2716884359	SAG	Uncultured_Prochlorococcus_sp._AG-347-I04	90.04
AG-347-I06	Prochlorococcus	2667527332	SAG	Prochlorococcus_sp._AG-347-I06	93.75
AG-347-I15	Prochlorococcus	2667527333	SAG	Prochlorococcus_sp._AG-347-I15	86.96
AG-347-I19	Prochlorococcus	2667527334	SAG	Prochlorococcus_sp._AG-347-I19	93.34
AG-347-I21	Prochlorococcus	2667527335	SAG	Prochlorococcus_sp._AG-347-I21	93.21
AG-347-I22	Prochlorococcus	2667527336	SAG	Prochlorococcus_sp._AG-347-I22	64.31
AG-347-I23	Prochlorococcus	2667527337	SAG	Prochlorococcus_sp._AG-347-I23	61.94
AG-347-J05	Prochlorococcus	2716884726	SAG	Uncultured_Prochlorococcus_sp._AG-347-J05	43.29
AG-347-J06	Prochlorococcus	2716884360	SAG	Uncultured_Prochlorococcus_sp._AG-347-J06	86.85
AG-347-J14	Prochlorococcus	2667527338	SAG	Prochlorococcus_sp._AG-347-J14	91.17
AG-347-J19	Prochlorococcus	2667527339	SAG	Prochlorococcus_sp._AG-347-J19	93.75
AG-347-J20	Prochlorococcus	2667527340	SAG	Prochlorococcus_sp._AG-347-J20	90.67
AG-347-J21	Prochlorococcus	2667527341	SAG	Prochlorococcus_sp._AG-347-J21	92.84
AG-347-J22	Prochlorococcus	2667527322	SAG	Prochlorococcus_sp._AG-347-J22	89.27
AG-347-J23	Prochlorococcus	2667527323	SAG	Prochlorococcus_sp._AG-347-J23	79.08
AG-347-K02	Prochlorococcus	2667527324	SAG	Prochlorococcus_sp._AG-347-K02	89.09
AG-347-K10	Prochlorococcus	2716884262	SAG	Uncultured_Prochlorococcus_sp._AG-347-K10	85.64
AG-347-K15	Prochlorococcus	2667527325	SAG	Prochlorococcus_sp._AG-347-K15	76.13
AG-347-K16	Prochlorococcus	2667527326	SAG	Prochlorococcus_sp._AG-347-K16	94.47
AG-347-K17	Prochlorococcus	2667527239	SAG	Prochlorococcus_sp._AG-347-K17	91.53
AG-347-K18	Prochlorococcus	2667527240	SAG	Prochlorococcus_sp._AG-347-K18	93.93
AG-347-K19	Prochlorococcus	2667527241	SAG	Prochlorococcus_sp._AG-347-K19	92.07
AG-347-K20	Prochlorococcus	2667527242	SAG	Prochlorococcus_sp._AG-347-K20	90.49
AG-347-K21	Prochlorococcus	2667527243	SAG	Prochlorococcus_sp._AG-347-K21	48.69
AG-347-K22	Prochlorococcus	2716884263	SAG	Uncultured_Prochlorococcus_sp._AG-347-K22	56.9
AG-347-K23	Prochlorococcus	2667527244	SAG	Prochlorococcus_sp._AG-347-K23	53.12
AG-347-L02	Prochlorococcus	2667527245	SAG	Prochlorococcus_sp._AG-347-L02	94.2
AG-347-L13	Prochlorococcus	2716884264	SAG	Uncultured_Prochlorococcus_sp._AG-347-L13	61.87
AG-347-L17	Prochlorococcus	2667527246	SAG	Prochlorococcus_sp._AG-347-L17	93.8
AG-347-L19	Prochlorococcus	2667527247	SAG	Prochlorococcus_sp._AG-347-L19	82.52
AG-347-L20	Prochlorococcus	2667527248	SAG	Prochlorococcus_sp._AG-347-L20	95.24
AG-347-L21	Prochlorococcus	2667527249	SAG	Prochlorococcus_sp._AG-347-L21	81.95
AG-347-M08	Prochlorococcus	2716884361	SAG	Uncultured_Prochlorococcus_sp._AG-347-M08	91.53
AG-347-M15	Prochlorococcus	2667527250	SAG	Prochlorococcus_sp._AG-347-M15	84.38
AG-347-M18	Prochlorococcus	2667527251	SAG	Prochlorococcus_sp._AG-347-M18	85.78
AG-347-M23	Prochlorococcus	2667527252	SAG	Prochlorococcus_sp._AG-347-M23	89.58
AG-347-N19	Prochlorococcus	2667527253	SAG	Prochlorococcus_sp._AG-347-N19	87.77
AG-347-N23	Prochlorococcus	2667527254	SAG	Prochlorococcus_sp._AG-347-N23	64.4
AG-347-O22	Prochlorococcus	2667527255	SAG	Prochlorococcus_sp._AG-347-O22	86.91
AG-355-A02	Prochlorococcus	2667527283	SAG	Prochlorococcus_sp._AG-355-A02	50.86
AG-355-A09	Prochlorococcus	2667527284	SAG	Prochlorococcus_sp._AG-355-A09	92.03
AG-355-A18	Prochlorococcus	2716884362	SAG	Uncultured_Prochlorococcus_sp._AG-355-A18	70.43
AG-355-B18	Prochlorococcus	2667527285	SAG	Prochlorococcus_sp._AG-355-B18	95.7
AG-355-B23	Prochlorococcus	2667527286	SAG	Prochlorococcus_sp._AG-355-B23	79.38
AG-355-G23	Prochlorococcus	2667527287	SAG	Prochlorococcus_sp._AG-355-G23	84.83
AG-355-I04	Prochlorococcus	2667527288	SAG	Prochlorococcus_sp._AG-355-I04	94.02
AG-355-I20	Prochlorococcus	2667527289	SAG	Prochlorococcus_sp._AG-355-I20	81.16
AG-355-J04	Prochlorococcus	2667527290	SAG	Prochlorococcus_sp._AG-355-J04	71.95
AG-355-J09	Prochlorococcus	2667527291	SAG	Prochlorococcus_sp._AG-355-J09	91.91
AG-355-J17	Prochlorococcus	2716884363	SAG	Uncultured_Prochlorococcus_sp._AG-355-J17	43.1
AG-355-J21	Prochlorococcus	2667527346	SAG	Prochlorococcus_sp._AG-355-J21	45.29
AG-355-J23	Prochlorococcus	2667527292	SAG	Prochlorococcus_sp._AG-355-J23	87.41
AG-355-K03	Prochlorococcus	2716884364	SAG	Uncultured_Prochlorococcus_sp._AG-355-K03	80.16
AG-355-K10	Prochlorococcus	2716884365	SAG	Uncultured_Prochlorococcus_sp._AG-355-K10	55.17
AG-355-K13	Prochlorococcus	2667527293	SAG	Prochlorococcus_sp._AG-355-K13	70.01
AG-355-K15	Prochlorococcus	2667527294	SAG	Prochlorococcus_sp._AG-355-K15	85.39
AG-355-K20	Prochlorococcus	2667527295	SAG	Prochlorococcus_sp._AG-355-K20	93.7
AG-355-K23	Prochlorococcus	2667527296	SAG	Prochlorococcus_sp._AG-355-K23	71.78
AG-355-L02	Prochlorococcus	2667527297	SAG	Prochlorococcus_sp._AG-355-L02	86.87
AG-355-L20	Prochlorococcus	2667527298	SAG	Prochlorococcus_sp._AG-355-L20	85.24
AG-355-L21	Prochlorococcus	2667527299	SAG	Prochlorococcus_sp._AG-355-L21	40.49
AG-355-L22	Prochlorococcus	2667527300	SAG	Prochlorococcus_sp._AG-355-L22	74.34
AG-355-M02	Prochlorococcus	2667527301	SAG	Prochlorococcus_sp._AG-355-M02	94.88
AG-355-M18	Prochlorococcus	2667527302	SAG	Prochlorococcus_sp._AG-355-M18	80.66
AG-355-N02	Prochlorococcus	2667527303	SAG	Prochlorococcus_sp._AG-355-N02	91.17
AG-355-N16	Prochlorococcus	2667527304	SAG	Prochlorococcus_sp._AG-355-N16	96.33
AG-355-N18	Prochlorococcus	2667527347	SAG	Prochlorococcus_sp._AG-355-N18	88.72
AG-355-N21	Prochlorococcus	2667527305	SAG	Prochlorococcus_sp._AG-355-N21	41.38
AG-355-N22	Prochlorococcus	2667527306	SAG	Prochlorococcus_sp._AG-355-N22	90.85
AG-355-N23	Prochlorococcus	2667527307	SAG	Prochlorococcus_sp._AG-355-N23	67.37
AG-355-O17	Prochlorococcus	2667527308	SAG	Prochlorococcus_sp._AG-355-O17	94.61
AG-355-O19	Prochlorococcus	2716884366	SAG	Uncultured_Prochlorococcus_sp._AG-355-O19	37.32
AG-355-P07	Prochlorococcus	2667527348	SAG	Prochlorococcus_sp._AG-355-P07	92.53
AG-355-P11	Prochlorococcus	2667527349	SAG	Prochlorococcus_sp._AG-355-P11	93.1
AG-355-P15	Prochlorococcus	2667527350	SAG	Prochlorococcus_sp._AG-355-P15	74.67
AG-355-P16	Prochlorococcus	2667527351	SAG	Prochlorococcus_sp._AG-355-P16	91.85
AG-355-P18	Prochlorococcus	2667527352	SAG	Prochlorococcus_sp._AG-355-P18	88.68
AG-355-P23	Prochlorococcus	2667527353	SAG	Prochlorococcus_sp._AG-355-P23	34.64
AG-363-A03	Prochlorococcus	2667527354	SAG	Prochlorococcus_sp._AG-363-A03	71.65
AG-363-A04	Prochlorococcus	2667527355	SAG	Prochlorococcus_sp._AG-363-A04	47.45
AG-363-A05	Prochlorococcus	2667527356	SAG	Prochlorococcus_sp._AG-363-A05	49.23
AG-363-A06	Prochlorococcus	2667527357	SAG	Prochlorococcus_sp._AG-363-A06	47.87
AG-363-A15	Prochlorococcus	2667527358	SAG	Prochlorococcus_sp._AG-363-A15	44.55
AG-363-A16	Prochlorococcus	2667527359	SAG	Prochlorococcus_sp._AG-363-A16	93.34
AG-363-B04	Prochlorococcus	2667527360	SAG	Prochlorococcus_sp._AG-363-B04	75.68
AG-363-B05	Prochlorococcus	2667527361	SAG	Prochlorococcus_sp._AG-363-B05	66.18
AG-363-B11	Prochlorococcus	2667527362	SAG	Prochlorococcus_sp._AG-363-B11	82.05
AG-363-B18	Prochlorococcus	2667527363	SAG	Prochlorococcus_sp._AG-363-B18	93.39
AG-363-B19	Prochlorococcus	2667527364	SAG	Prochlorococcus_sp._AG-363-B19	41.58
AG-363-C02	Prochlorococcus	2667527365	SAG	Prochlorococcus_sp._AG-363-C02	77.85
AG-363-C20	Prochlorococcus	2667527366	SAG	Prochlorococcus_sp._AG-363-C20	90.22
AG-363-G03	Prochlorococcus	2667527367	SAG	Prochlorococcus_sp._AG-363-G03	52.3
AG-363-G23	Prochlorococcus	2667527368	SAG	Prochlorococcus_sp._AG-363-G23	33.97
AG-363-I04	Prochlorococcus	2667527309	SAG	Prochlorococcus_sp._AG-363-I04	50.82
AG-363-I21	Prochlorococcus	2667527369	SAG	Prochlorococcus_sp._AG-363-I21	68.49
AG-363-J23	Prochlorococcus	2667527370	SAG	Prochlorococcus_sp._AG-363-J23	67.53
AG-363-K07	Prochlorococcus	2667527371	SAG	Prochlorococcus_sp._AG-363-K07	91.21
AG-363-L02	Prochlorococcus	2667527372	SAG	Prochlorococcus_sp._AG-363-L02	50.4
AG-363-L17	Prochlorococcus	2667527373	SAG	Prochlorococcus_sp._AG-363-L17	57.2
AG-363-L19	Prochlorococcus	2667527374	SAG	Prochlorococcus_sp._AG-363-L19	37.93
AG-363-M17	Prochlorococcus	2667527375	SAG	Prochlorococcus_sp._AG-363-M17	72.28
AG-363-M20	Prochlorococcus	2667527376	SAG	Prochlorococcus_sp._AG-363-M20	45.64
AG-363-M21	Prochlorococcus	2667527327	SAG	Prochlorococcus_sp._AG-363-M21	64.9
AG-363-N03	Prochlorococcus	2667527328	SAG	Prochlorococcus_sp._AG-363-N03	51.49
AG-363-N16	Prochlorococcus	2667527310	SAG	Prochlorococcus_sp._AG-363-N16	85.29
AG-363-N20	Prochlorococcus	2667527311	SAG	Prochlorococcus_sp._AG-363-N20	77.85
AG-363-O06	Prochlorococcus	2667527312	SAG	Prochlorococcus_sp._AG-363-O06	77.58
AG-363-O15	Prochlorococcus	2667527313	SAG	Prochlorococcus_sp._AG-363-O15	77.12
AG-363-O16	Prochlorococcus	2667527314	SAG	Prochlorococcus_sp._AG-363-O16	58.69
AG-363-O21	Prochlorococcus	2667527315	SAG	Prochlorococcus_sp._AG-363-O21	36.21
AG-363-P01	Prochlorococcus	2667527316	SAG	Prochlorococcus_sp._AG-363-P01	73.19
AG-363-P06	Prochlorococcus	2667527317	SAG	Prochlorococcus_sp._AG-363-P06	99.18
AG-363-P08	Prochlorococcus	2667527318	SAG	Prochlorococcus_sp._AG-363-P08	85.14
AG-363-P15	Prochlorococcus	2667527319	SAG	Prochlorococcus_sp._AG-363-P15	60.4
AG-363-P19	Prochlorococcus	2667527320	SAG	Prochlorococcus_sp._AG-363-P19	94.02
AG-388-A01	Prochlorococcus	2716884727	SAG	Uncultured_Prochlorococcus_sp._AG-388-A01	91.21
AG-388-A04	Prochlorococcus	2716884728	SAG	Uncultured_Prochlorococcus_sp._AG-388-A04	90.49
AG-388-B05	Prochlorococcus	2716884729	SAG	Uncultured_Prochlorococcus_sp._AG-388-B05	86.93
AG-388-D03	Prochlorococcus	2716884730	SAG	Uncultured_Prochlorococcus_sp._AG-388-D03	81.39
AG-388-E21	Prochlorococcus	2716884367	SAG	Uncultured_Prochlorococcus_sp._AG-388-E21	98.91
AG-388-F11	Prochlorococcus	2716884368	SAG	Uncultured_Prochlorococcus_sp._AG-388-F11	87.05
AG-388-I18	Prochlorococcus	2716884369	SAG	Uncultured_Prochlorococcus_sp._AG-388-I18	94.57
AG-388-J02	Prochlorococcus	2716884731	SAG	Uncultured_Prochlorococcus_sp._AG-388-J02	98.37
AG-388-L21	Prochlorococcus	2716884370	SAG	Uncultured_Prochlorococcus_sp._AG-388-L21	74.13
AG-388-O02	Prochlorococcus	2716884371	SAG	Uncultured_Prochlorococcus_sp._AG-388-O02	89.07
AG-402-A04	Prochlorococcus	2716884372	SAG	Uncultured_Prochlorococcus_sp._AG-402-A04	80.21
AG-402-A08	Prochlorococcus	2716884373	SAG	Uncultured_Prochlorococcus_sp._AG-402-A08	84.44
AG-402-A21	Prochlorococcus	2667527256	SAG	Prochlorococcus_sp._AG-402-A21	89.8
AG-402-B03	Prochlorococcus	2716884374	SAG	Uncultured_Prochlorococcus_sp._AG-402-B03	91.3
AG-402-B05	Prochlorococcus	2716884375	SAG	Uncultured_Prochlorococcus_sp._AG-402-B05	92.26
AG-402-B10	Prochlorococcus	2716884376	SAG	Uncultured_Prochlorococcus_sp._AG-402-B10	55.66
AG-402-B19	Prochlorococcus	2716884732	SAG	Uncultured_Prochlorococcus_sp._AG-402-B19	87.41
AG-402-C09	Prochlorococcus	2716884377	SAG	Uncultured_Prochlorococcus_sp._AG-402-C09	86.91
AG-402-C22	Prochlorococcus	2716884378	SAG	Uncultured_Prochlorococcus_sp._AG-402-C22	84.01
AG-402-E17	Prochlorococcus	2716884379	SAG	Uncultured_Prochlorococcus_sp._AG-402-E17	70.56
AG-402-F05	Prochlorococcus	2716884380	SAG	Uncultured_Prochlorococcus_sp._AG-402-F05	88.67
AG-402-G06	Prochlorococcus	2716884265	SAG	Uncultured_Prochlorococcus_sp._AG-402-G06	84.69
AG-402-G08	Prochlorococcus	2716884381	SAG	Uncultured_Prochlorococcus_sp._AG-402-G08	85.76
AG-402-G10	Prochlorococcus	2716884733	SAG	Uncultured_Prochlorococcus_sp._AG-402-G10	91.3
AG-402-G19	Prochlorococcus	2716884734	SAG	Uncultured_Prochlorococcus_sp._AG-402-G19	65.62
AG-402-G22	Prochlorococcus	2667527257	SAG	Prochlorococcus_sp._AG-402-G22	87.6
AG-402-G23	Prochlorococcus	2667527258	SAG	Prochlorococcus_sp._AG-402-G23	71.56
AG-402-I05	Prochlorococcus	2667527259	SAG	Prochlorococcus_sp._AG-402-I05	87.77
AG-402-I20	Prochlorococcus	2667527260	SAG	Prochlorococcus_sp._AG-402-I20	90.81
AG-402-I21	Prochlorococcus	2667527261	SAG	Prochlorococcus_sp._AG-402-I21	92.53
AG-402-I22	Prochlorococcus	2667527262	SAG	Prochlorococcus_sp._AG-402-I22	77.24
AG-402-I23	Prochlorococcus	2667527263	SAG	Prochlorococcus_sp._AG-402-I23	92.53
AG-402-J18	Prochlorococcus	2667527264	SAG	Prochlorococcus_sp._AG-402-J18	61.78
AG-402-K04	Prochlorococcus	2716884382	SAG	Uncultured_Prochlorococcus_sp._AG-402-K04	73.97
AG-402-K05	Prochlorococcus	2667527265	SAG	Prochlorococcus_sp._AG-402-K05	41.38
AG-402-K10	Prochlorococcus	2667527266	SAG	Prochlorococcus_sp._AG-402-K10	93.61
AG-402-K14	Prochlorococcus	2667527342	SAG	Prochlorococcus_sp._AG-402-K14	84.51
AG-402-K16	Prochlorococcus	2667527343	SAG	Prochlorococcus_sp._AG-402-K16	89.18
AG-402-K21	Prochlorococcus	2667527344	SAG	Prochlorococcus_sp._AG-402-K21	98.1
AG-402-K22	Prochlorococcus	2667527267	SAG	Prochlorococcus_sp._AG-402-K22	86.19
AG-402-L09	Prochlorococcus	2667527268	SAG	Prochlorococcus_sp._AG-402-L09	87.09
AG-402-L18	Prochlorococcus	2667527345	SAG	Prochlorococcus_sp._AG-402-L18	87.09
AG-402-L19	Prochlorococcus	2667527269	SAG	Prochlorococcus_sp._AG-402-L19	45.52
AG-402-L20	Prochlorococcus	2667527270	SAG	Prochlorococcus_sp._AG-402-L20	89.92
AG-402-L23	Prochlorococcus	2667527271	SAG	Prochlorococcus_sp._AG-402-L23	95.79
AG-402-M15	Prochlorococcus	2667527272	SAG	Prochlorococcus_sp._AG-402-M15	97.28
AG-402-M18	Prochlorococcus	2667527273	SAG	Prochlorococcus_sp._AG-402-M18	89.43
AG-402-M23	Prochlorococcus	2667527274	SAG	Prochlorococcus_sp._AG-402-M23	84.38
AG-402-N08	Prochlorococcus	2716884383	SAG	Uncultured_Prochlorococcus_sp._AG-402-N08	95.15
AG-402-N09	Prochlorococcus	2716884384	SAG	Uncultured_Prochlorococcus_sp._AG-402-N09	87.36
AG-402-N10	Prochlorococcus	2667527275	SAG	Prochlorococcus_sp._AG-402-N10	95.11
AG-402-N17	Prochlorococcus	2716884735	SAG	Uncultured_Prochlorococcus_sp._AG-402-N17	64.04
AG-402-N21	Prochlorococcus	2667527276	SAG	Prochlorococcus_sp._AG-402-N21	79.8
AG-402-N23	Prochlorococcus	2667527277	SAG	Prochlorococcus_sp._AG-402-N23	81.79
AG-402-O16	Prochlorococcus	2667527278	SAG	Prochlorococcus_sp._AG-402-O16	92.8
AG-402-O21	Prochlorococcus	2667527279	SAG	Prochlorococcus_sp._AG-402-O21	94.38
AG-402-O23	Prochlorococcus	2667527280	SAG	Prochlorococcus_sp._AG-402-O23	49.74
AG-402-P16	Prochlorococcus	2667527281	SAG	Prochlorococcus_sp._AG-402-P16	78.67
AG-402-P18	Prochlorococcus	2667527282	SAG	Prochlorococcus_sp._AG-402-P18	94.66
AG-409-A10	Prochlorococcus	2716884385	SAG	Uncultured_Prochlorococcus_sp._AG-409-A10	86.68
AG-409-A19	Prochlorococcus	2716884386	SAG	Uncultured_Prochlorococcus_sp._AG-409-A19	56.02
AG-409-A22	Prochlorococcus	2716884387	SAG	Uncultured_Prochlorococcus_sp._AG-409-A22	62.36
AG-409-A23	Prochlorococcus	2716884736	SAG	Uncultured_Prochlorococcus_sp._AG-409-A23	33.02
AG-409-B05	Prochlorococcus	2716884388	SAG	Uncultured_Prochlorococcus_sp._AG-409-B05	86.08
AG-409-B09	Prochlorococcus	2716884737	SAG	Uncultured_Prochlorococcus_sp._AG-409-B09	24.59
AG-409-B13	Prochlorococcus	2716884389	SAG	Uncultured_Prochlorococcus_sp._AG-409-B13	72.55
AG-409-B20	Prochlorococcus	2716884390	SAG	Uncultured_Prochlorococcus_sp._AG-409-B20	46.72
AG-409-C21	Prochlorococcus	2716884391	SAG	Uncultured_Prochlorococcus_sp._AG-409-C21	37.93
AG-409-D06	Prochlorococcus	2716884392	SAG	Uncultured_Prochlorococcus_sp._AG-409-D06	36.93
AG-409-D09	Prochlorococcus	2716884266	SAG	Uncultured_Prochlorococcus_sp._AG-409-D09	65.03
AG-409-D14	Prochlorococcus	2716884738	SAG	Uncultured_Prochlorococcus_sp._AG-409-D14	60.33
AG-409-D20	Prochlorococcus	2716884739	SAG	Uncultured_Prochlorococcus_sp._AG-409-D20	43.48
AG-409-E05	Prochlorococcus	2716884740	SAG	Uncultured_Prochlorococcus_sp._AG-409-E05	29.94
AG-409-E23	Prochlorococcus	2716884741	SAG	Uncultured_Prochlorococcus_sp._AG-409-E23	51.27
AG-409-F19	Prochlorococcus	2716884742	SAG	Uncultured_Prochlorococcus_sp._AG-409-F19	52.99
AG-409-G20	Prochlorococcus	2716884743	SAG	Uncultured_Prochlorococcus_sp._AG-409-G20	83.83
AG-409-I11	Prochlorococcus	2716884744	SAG	Uncultured_Prochlorococcus_sp._AG-409-I11	71.44
AG-409-I21	Prochlorococcus	2716884745	SAG	Uncultured_Prochlorococcus_sp._AG-409-I21	29.66
AG-409-J03	Prochlorococcus	2716884746	SAG	Uncultured_Prochlorococcus_sp._AG-409-J03	53.44
AG-409-J11	Prochlorococcus	2716884747	SAG	Uncultured_Prochlorococcus_sp._AG-409-J11	37.29
AG-409-J16	Prochlorococcus	2716884748	SAG	Uncultured_Prochlorococcus_sp._AG-409-J16	98.91
AG-409-J19	Prochlorococcus	2716884749	SAG	Uncultured_Prochlorococcus_sp._AG-409-J19	83.97
AG-409-J23	Prochlorococcus	2716884750	SAG	Uncultured_Prochlorococcus_sp._AG-409-J23	43.81
AG-409-K04	Prochlorococcus	2716884751	SAG	Uncultured_Prochlorococcus_sp._AG-409-K04	80.57
AG-409-L14	Prochlorococcus	2716884752	SAG	Uncultured_Prochlorococcus_sp._AG-409-L14	56.34
AG-409-L18	Prochlorococcus	2716884753	SAG	Uncultured_Prochlorococcus_sp._AG-409-L18	92.39
AG-409-L21	Prochlorococcus	2716884754	SAG	Uncultured_Prochlorococcus_sp._AG-409-L21	67.53
AG-409-M02	Prochlorococcus	2716884393	SAG	Uncultured_Prochlorococcus_sp._AG-409-M02	18.97
AG-409-M05	Prochlorococcus	2716884394	SAG	Uncultured_Prochlorococcus_sp._AG-409-M05	82.07
AG-409-N21	Prochlorococcus	2716884395	SAG	Uncultured_Prochlorococcus_sp._AG-409-N21	67.39
AG-409-O23	Prochlorococcus	2716884396	SAG	Uncultured_Prochlorococcus_sp._AG-409-O23	72.78
AG-409-P01	Prochlorococcus	2716884397	SAG	Uncultured_Prochlorococcus_sp._AG-409-P01	96.38
AG-409-P03	Prochlorococcus	2716884398	SAG	Uncultured_Prochlorococcus_sp._AG-409-P03	66.98
AG-409-P19	Prochlorococcus	2716884399	SAG	Uncultured_Prochlorococcus_sp._AG-409-P19	67.75
AG-412-A14	Prochlorococcus	2716884400	SAG	Uncultured_Prochlorococcus_sp._AG-412-A14	78.12
AG-412-C21	Prochlorococcus	2716884755	SAG	Uncultured_Prochlorococcus_sp._AG-412-C21	73.91
AG-412-F02	Prochlorococcus	2716884756	SAG	Uncultured_Prochlorococcus_sp._AG-412-F02	77.28
AG-412-G19	Prochlorococcus	2716884757	SAG	Uncultured_Prochlorococcus_sp._AG-412-G19	87.95
AG-412-I05	Prochlorococcus	2716884758	SAG	Uncultured_Prochlorococcus_sp._AG-412-I05	71.6
AG-412-I20	Prochlorococcus	2716884759	SAG	Uncultured_Prochlorococcus_sp._AG-412-I20	57.25
AG-412-J13	Prochlorococcus	2716884760	SAG	Uncultured_Prochlorococcus_sp._AG-412-J13	97.11
AG-412-L10	Prochlorococcus	2716884761	SAG	Uncultured_Prochlorococcus_sp._AG-412-L10	60.57
AG-412-N03	Prochlorococcus	2716884762	SAG	Uncultured_Prochlorococcus_sp._AG-412-N03	4.17
AG-412-O03	Prochlorococcus	2716884763	SAG	Uncultured_Prochlorococcus_sp._AG-412-O03	79.48
AG-412-P08	Prochlorococcus	2716884764	SAG	Uncultured_Prochlorococcus_sp._AG-412-P08	85.46
AG-418-B17	Prochlorococcus	2716884765	SAG	Uncultured_Prochlorococcus_sp._AG-418-B17	63.5
AG-418-C09	Prochlorococcus	2716884766	SAG	Uncultured_Prochlorococcus_sp._AG-418-C09	91.3
AG-418-C17	Prochlorococcus	2716884767	SAG	Uncultured_Prochlorococcus_sp._AG-418-C17	52.47
AG-418-D13	Prochlorococcus	2716884768	SAG	Uncultured_Prochlorococcus_sp._AG-418-D13	93.93
AG-418-F08	Prochlorococcus	2716884769	SAG	Uncultured_Prochlorococcus_sp._AG-418-F08	84.89
AG-418-F16	Prochlorococcus	2716884401	SAG	Uncultured_Prochlorococcus_sp._AG-418-F16	68.34
AG-418-G18	Prochlorococcus	2716884770	SAG	Uncultured_Prochlorococcus_sp._AG-418-G18	72.54
AG-418-G23	Prochlorococcus	2716884402	SAG	Uncultured_Prochlorococcus_sp._AG-418-G23	70.2
AG-418-I20	Prochlorococcus	2716884403	SAG	Uncultured_Prochlorococcus_sp._AG-418-I20	92.66
AG-418-I21	Prochlorococcus	2716884771	SAG	Uncultured_Prochlorococcus_sp._AG-418-I21	67.07
AG-418-J17	Prochlorococcus	2716884404	SAG	Uncultured_Prochlorococcus_sp._AG-418-J17	83.29
AG-418-J19	Prochlorococcus	2716884405	SAG	Uncultured_Prochlorococcus_sp._AG-418-J19	69.7
AG-418-K17	Prochlorococcus	2716884406	SAG	Uncultured_Prochlorococcus_sp._AG-418-K17	76.77
AG-418-L19	Prochlorococcus	2716884407	SAG	Uncultured_Prochlorococcus_sp._AG-418-L19	49.59
AG-418-M05	Prochlorococcus	2716884408	SAG	Uncultured_Prochlorococcus_sp._AG-418-M05	17.85
AG-418-M08	Prochlorococcus	2716884409	SAG	Uncultured_Prochlorococcus_sp._AG-418-M08	98.51
AG-418-O02	Prochlorococcus	2716884411	SAG	Uncultured_Prochlorococcus_sp._AG-418-O02	77.94
AG-418-O03	Prochlorococcus	2716884412	SAG	Uncultured_Prochlorococcus_sp._AG-418-O03	79.48
AG-418-P06	Prochlorococcus	2716884413	SAG	Uncultured_Prochlorococcus_sp._AG-418-P06	83.02
AG-418-P13	Prochlorococcus	2716884414	SAG	Uncultured_Prochlorococcus_sp._AG-418-P13	89.4
AG-420-M02	Synechococcus	2716884604	SAG	Uncultured_Synechococcus_sp._AG-420-M02	37.32
AG-424-A03	Prochlorococcus	2716884415	SAG	Uncultured_Prochlorococcus_sp._AG-424-A03	62.65
AG-424-A14	Prochlorococcus	2716884416	SAG	Uncultured_Prochlorococcus_sp._AG-424-A14	80.39
AG-424-E18	Prochlorococcus	2716884417	SAG	Uncultured_Prochlorococcus_sp._AG-424-E18	91.3
AG-424-E20	Prochlorococcus	2716884772	SAG	Uncultured_Prochlorococcus_sp._AG-424-E20	67.69
AG-424-G03	Prochlorococcus	2716884418	SAG	Uncultured_Prochlorococcus_sp._AG-424-G03	56.25
AG-424-J22	Prochlorococcus	2716884773	SAG	Uncultured_Prochlorococcus_sp._AG-424-J22	88.99
AG-424-L22	Prochlorococcus	2716884774	SAG	Uncultured_Prochlorococcus_sp._AG-424-L22	11.91
AG-424-M03	Prochlorococcus	2716884775	SAG	Uncultured_Prochlorococcus_sp._AG-424-M03	67.1
AG-424-P16	Prochlorococcus	2716884776	SAG	Uncultured_Prochlorococcus_sp._AG-424-P16	73.83
AG-424-P18	Prochlorococcus	2716884419	SAG	Uncultured_Prochlorococcus_sp._AG-424-P18	88.62
AG-424-P23	Prochlorococcus	2716884420	SAG	Uncultured_Prochlorococcus_sp._AG-424-P23	89.56
AG-429-A02	Prochlorococcus	2716884421	SAG	Uncultured_Prochlorococcus_sp._AG-429-A02	18.98
AG-429-C19	Prochlorococcus	2716884422	SAG	Uncultured_Prochlorococcus_sp._AG-429-C19	35.87
AG-429-E20	Prochlorococcus	2716884423	SAG	Uncultured_Prochlorococcus_sp._AG-429-E20	25.86
AG-429-J03	Prochlorococcus	2716884424	SAG	Uncultured_Prochlorococcus_sp._AG-429-J03	12.19
AG-429-P21	Prochlorococcus	2716884425	SAG	Uncultured_Prochlorococcus_sp._AG-429-P21	6.21
AG-432-A07	Prochlorococcus	2716884777	SAG	Uncultured_Prochlorococcus_sp._AG-432-A07	42.53
AG-432-B15	Prochlorococcus	2716884426	SAG	Uncultured_Prochlorococcus_sp._AG-432-B15	49.12
AG-432-D09	Prochlorococcus	2716884427	SAG	Uncultured_Prochlorococcus_sp._AG-432-D09	37.94
AG-432-D11	Prochlorococcus	2716884267	SAG	Uncultured_Prochlorococcus_sp._AG-432-D11	52.76
AG-432-E11	Prochlorococcus	2716884778	SAG	Uncultured_Prochlorococcus_sp._AG-432-E11	38.63
AG-432-G10	Prochlorococcus	2716884779	SAG	Uncultured_Prochlorococcus_sp._AG-432-G10	21.26
AG-432-K16	Prochlorococcus	2716884780	SAG	Uncultured_Prochlorococcus_sp._AG-432-K16	43.71
AG-432-K17	Prochlorococcus	2716884781	SAG	Uncultured_Prochlorococcus_sp._AG-432-K17	34.48
AG-432-O20	Prochlorococcus	2716884428	SAG	Uncultured_Prochlorococcus_sp._AG-432-O20	25.86
AG-436-A02	Prochlorococcus	2716884429	SAG	Uncultured_Prochlorococcus_sp._AG-436-A02	12.15
AG-436-A04	Prochlorococcus	2716884430	SAG	Uncultured_Prochlorococcus_sp._AG-436-A04	85.46
AG-436-B23	Prochlorococcus	2716884431	SAG	Uncultured_Prochlorococcus_sp._AG-436-B23	43.66
AG-436-C05	Prochlorococcus	2716884432	SAG	Uncultured_Prochlorococcus_sp._AG-436-C05	69.85
AG-436-C13	Prochlorococcus	2716884433	SAG	Uncultured_Prochlorococcus_sp._AG-436-C13	82.34
AG-436-C14	Prochlorococcus	2716884434	SAG	Uncultured_Prochlorococcus_sp._AG-436-C14	92.92
AG-436-D07	Prochlorococcus	2716884435	SAG	Uncultured_Prochlorococcus_sp._AG-436-D07	13.1
AG-436-D21	Prochlorococcus	2716884436	SAG	Uncultured_Prochlorococcus_sp._AG-436-D21	75.41
AG-436-E22	Prochlorococcus	2716884437	SAG	Uncultured_Prochlorococcus_sp._AG-436-E22	63.68
AG-436-F13	Prochlorococcus	2716884268	SAG	Uncultured_Prochlorococcus_sp._AG-436-F13	9.66
AG-436-J02	Prochlorococcus	2716884269	SAG	Uncultured_Prochlorococcus_sp._AG-436-J02	53.53
AG-436-J08	Prochlorococcus	2716884270	SAG	Uncultured_Prochlorococcus_sp._AG-436-J08	26.33
AG-436-K22	Prochlorococcus	2716884271	SAG	Uncultured_Prochlorococcus_sp._AG-436-K22	73.51
AG-436-M02	Prochlorococcus	2716884438	SAG	Uncultured_Prochlorococcus_sp._AG-436-M02	77.33
AG-436-N08	Prochlorococcus	2716884439	SAG	Uncultured_Prochlorococcus_sp._AG-436-N08	34.48
AG-436-O09	Prochlorococcus	2716884440	SAG	Uncultured_Prochlorococcus_sp._AG-436-O09	66.62
AG-436-O11	Prochlorococcus	2716884441	SAG	Uncultured_Prochlorococcus_sp._AG-436-O11	75.5
AG-436-O17	Prochlorococcus	2716884442	SAG	Uncultured_Prochlorococcus_sp._AG-436-O17	44.64
AG-436-O20	Prochlorococcus	2716884443	SAG	Uncultured_Prochlorococcus_sp._AG-436-O20	45.08
AG-436-P23	Prochlorococcus	2716884444	SAG	Uncultured_Prochlorococcus_sp._AG-436-P23	70.16
AG-442-B03	Prochlorococcus	2716884782	SAG	Uncultured_Prochlorococcus_sp._AG-442-B03	93.75
AG-442-D10	Prochlorococcus	2716884783	SAG	Uncultured_Prochlorococcus_sp._AG-442-D10	96.47
AG-442-M23	Prochlorococcus	2716884445	SAG	Uncultured_Prochlorococcus_sp._AG-442-M23	95.61
AG-442-N07	Prochlorococcus	2716884446	SAG	Uncultured_Prochlorococcus_sp._AG-442-N07	92.12
AG-442-N17	Prochlorococcus	2716884447	SAG	Uncultured_Prochlorococcus_sp._AG-442-N17	74.18
AG-449-C14	Prochlorococcus	2716884448	SAG	Uncultured_Prochlorococcus_sp._AG-449-C14	72.82
AG-449-D16	Prochlorococcus	2716884784	SAG	Uncultured_Prochlorococcus_sp._AG-449-D16	39.4
AG-449-D22	Prochlorococcus	2716884785	SAG	Uncultured_Prochlorococcus_sp._AG-449-D22	39.4
AG-449-G23	Prochlorococcus	2716884786	SAG	Uncultured_Prochlorococcus_sp._AG-449-G23	85.28
AG-449-J16	Prochlorococcus	2716884787	SAG	Uncultured_Prochlorococcus_sp._AG-449-J16	77.45
AG-449-K21	Prochlorococcus	2716884788	SAG	Uncultured_Prochlorococcus_sp._AG-449-K21	39.95
AG-449-O05	Prochlorococcus	2716884449	SAG	Uncultured_Prochlorococcus_sp._AG-449-O05	61.25
AG-449-P16	Prochlorococcus	2716884450	SAG	Uncultured_Prochlorococcus_sp._AG-449-P16	63.04
AG-450-D21	Synechococcus	2716884605	SAG	Uncultured_Synechococcus_sp._AG-450-D21	0
AG-450-M17	Synechococcus	2716884606	SAG	Uncultured_Synechococcus_sp._AG-450-M17	20.15
AG-455-B05	Prochlorococcus	2716884451	SAG	Uncultured_Prochlorococcus_sp._AG-455-B05	51.86
AG-455-E04	Prochlorococcus	2716884452	SAG	Uncultured_Prochlorococcus_sp._AG-455-E04	31.21
AG-455-E15	Prochlorococcus	2716884453	SAG	Uncultured_Prochlorococcus_sp._AG-455-E15	56.21
AG-455-G08	Prochlorococcus	2716884454	SAG	Uncultured_Prochlorococcus_sp._AG-455-G08	46.99
AG-455-O05	Prochlorococcus	2716884455	SAG	Uncultured_Prochlorococcus_sp._AG-455-O05	49.59
AG-459-A01	Prochlorococcus	2716884456	SAG	Uncultured_Prochlorococcus_sp._AG-459-A01	41.54
AG-459-A02	Prochlorococcus	2716884457	SAG	Uncultured_Prochlorococcus_sp._AG-459-A02	57.49
AG-459-A09	Prochlorococcus	2716884789	SAG	Uncultured_Prochlorococcus_sp._AG-459-A09	84.74
AG-459-B06	Prochlorococcus	2716884790	SAG	Uncultured_Prochlorococcus_sp._AG-459-B06	69.57
AG-459-C18	Prochlorococcus	2716884791	SAG	Uncultured_Prochlorococcus_sp._AG-459-C18	47.33
AG-459-D04	Prochlorococcus	2716884792	SAG	Uncultured_Prochlorococcus_sp._AG-459-D04	70.79
AG-459-E08	Prochlorococcus	2716884793	SAG	Uncultured_Prochlorococcus_sp._AG-459-E08	66.94
AG-459-J14	Prochlorococcus	2716884794	SAG	Uncultured_Prochlorococcus_sp._AG-459-J14	66.03
AG-459-J20	Prochlorococcus	2716884795	SAG	Uncultured_Prochlorococcus_sp._AG-459-J20	50.32
AG-459-M13	Prochlorococcus	2716884796	SAG	Uncultured_Prochlorococcus_sp._AG-459-M13	59.24
AG-459-N19	Prochlorococcus	2716884797	SAG	Uncultured_Prochlorococcus_sp._AG-459-N19	76.81
AG-459-O03	Prochlorococcus	2716884798	SAG	Uncultured_Prochlorococcus_sp._AG-459-O03	72.14
AG-459-O09	Prochlorococcus	2716884458	SAG	Uncultured_Prochlorococcus_sp._AG-459-O09	74.05
AG-459-P02	Prochlorococcus	2716884459	SAG	Uncultured_Prochlorococcus_sp._AG-459-P02	59.92
AG-459-P07	Prochlorococcus	2716884799	SAG	Uncultured_Prochlorococcus_sp._AG-459-P07	74.16
AG-459-P16	Prochlorococcus	2716884460	SAG	Uncultured_Prochlorococcus_sp._AG-459-P16	57.02
AG-459-P19	Prochlorococcus	2716884800	SAG	Uncultured_Prochlorococcus_sp._AG-459-P19	39.27
AG-459-P20	Prochlorococcus	2716884801	SAG	Uncultured_Prochlorococcus_sp._AG-459-P20	47.01
AG-463-A20	Prochlorococcus	2716884461	SAG	Uncultured_Prochlorococcus_sp._AG-463-A20	5.17
AG-463-D13	Prochlorococcus	2716884462	SAG	Uncultured_Prochlorococcus_sp._AG-463-D13	13.79
AG-463-D18	Prochlorococcus	2716884463	SAG	Uncultured_Prochlorococcus_sp._AG-463-D18	21.22
AG-463-F02	Prochlorococcus	2716884464	SAG	Uncultured_Prochlorococcus_sp._AG-463-F02	45.91
AG-463-F15	Prochlorococcus	2716884465	SAG	Uncultured_Prochlorococcus_sp._AG-463-F15	59.92
AG-463-I04	Prochlorococcus	2716884466	SAG	Uncultured_Prochlorococcus_sp._AG-463-I04	28.48
AG-463-J16	Prochlorococcus	2716884467	SAG	Uncultured_Prochlorococcus_sp._AG-463-J16	36.11
AG-463-L06	Prochlorococcus	2716884468	SAG	Uncultured_Prochlorococcus_sp._AG-463-L06	46.26
AG-463-N15	Prochlorococcus	2716884469	SAG	Uncultured_Prochlorococcus_sp._AG-463-N15	41.67
AG-463-P14	Prochlorococcus	2716884470	SAG	Uncultured_Prochlorococcus_sp._AG-463-P14	59.48
AG-463-P23	Prochlorococcus	2716884471	SAG	Uncultured_Prochlorococcus_sp._AG-463-P23	34.15
AG-469-F15	Prochlorococcus	2716884802	SAG	Uncultured_Prochlorococcus_sp._AG-469-F15	37.91
AG-469-F22	Prochlorococcus	2716884472	SAG	Uncultured_Prochlorococcus_sp._AG-469-F22	59.3
AG-469-M13	Prochlorococcus	2716884803	SAG	Uncultured_Prochlorococcus_sp._AG-469-M13	28.43
AG-469-N22	Prochlorococcus	2716884804	SAG	Uncultured_Prochlorococcus_sp._AG-469-N22	44.5
AG-670-A04	Synechococcus	2716884607	SAG	Uncultured_Synechococcus_sp._AG-670-A04	45.29
AG-670-A05	Synechococcus	2716884608	SAG	Uncultured_Synechococcus_sp._AG-670-A05	81.39
AG-670-A19	Synechococcus	2716884609	SAG	Uncultured_Synechococcus_sp._AG-670-A19	47.37
AG-670-B23	Synechococcus	2716884610	SAG	Uncultured_Synechococcus_sp._AG-670-B23	86.46
AG-670-D07	Synechococcus	2716884611	SAG	Uncultured_Synechococcus_sp._AG-670-D07	51.98
AG-670-F04	Synechococcus	2716884612	SAG	Uncultured_Synechococcus_sp._AG-670-F04	68.07
AG-670-F22	Synechococcus	2716884613	SAG	Uncultured_Synechococcus_sp._AG-670-F22	73.1
AG-670-G20	Synechococcus	2716884614	SAG	Uncultured_Synechococcus_sp._AG-670-G20	27.59
AG-670-J16	Prochlorococcus	2716884473	SAG	Uncultured_Prochlorococcus_sp._AG-670-J16	70.29
AG-670-J21	Prochlorococcus	2716884474	SAG	Uncultured_Prochlorococcus_sp._AG-670-J21	44.63
AG-670-K23	Prochlorococcus	2716884475	SAG	Uncultured_Prochlorococcus_sp._AG-670-K23	20.2
AG-670-L08	Prochlorococcus	2716884476	SAG	Uncultured_Prochlorococcus_sp._AG-670-L08	86.89
AG-670-L16	Prochlorococcus	2716884477	SAG	Uncultured_Prochlorococcus_sp._AG-670-L16	30.7
AG-670-M15	Prochlorococcus	2716884478	SAG	Uncultured_Prochlorococcus_sp._AG-670-M15	71.83
AG-670-M18	Prochlorococcus	2716884479	SAG	Uncultured_Prochlorococcus_sp._AG-670-M18	53.68
AG-670-N10	Prochlorococcus	2716884480	SAG	Uncultured_Prochlorococcus_sp._AG-670-N10	94.79
AG-670-O07	Prochlorococcus	2716884481	SAG	Uncultured_Prochlorococcus_sp._AG-670-O07	85.05
AG-670-O09	Prochlorococcus	2716884482	SAG	Uncultured_Prochlorococcus_sp._AG-670-O09	39.5
AG-670-O11	Prochlorococcus	2716884483	SAG	Uncultured_Prochlorococcus_sp._AG-670-O11	50.5
AG-670-O13	Prochlorococcus	2716884484	SAG	Uncultured_Prochlorococcus_sp._AG-670-O13	67.8
AG-670-O17	Prochlorococcus	2716884805	SAG	Uncultured_Prochlorococcus_sp._AG-670-O17	78.08
AG-670-O19	Prochlorococcus	2716884485	SAG	Uncultured_Prochlorococcus_sp._AG-670-O19	49.63
AG-673-A03	Synechococcus	2716884615	SAG	Uncultured_Synechococcus_sp._AG-673-A03	69.77
AG-673-A10	Synechococcus	2716884616	SAG	Uncultured_Synechococcus_sp._AG-673-A10	58.11
AG-673-B04	Synechococcus	2716884666	SAG	Uncultured_Synechococcus_sp._AG-673-B04	54.3
AG-673-B08	Synechococcus	2716884617	SAG	Uncultured_Synechococcus_sp._AG-673-B08	52.05
AG-673-D02	Synechococcus	2716884257	SAG	Uncultured_Synechococcus_sp._AG-673-D02	86.21
AG-673-F03	Synechococcus	2716884618	SAG	Uncultured_Synechococcus_sp._AG-673-F03	77.9
AG-673-I19	Prochlorococcus	2716884486	SAG	Uncultured_Prochlorococcus_sp._AG-673-I19	16.77
AG-673-K21	Prochlorococcus	2716884487	SAG	Uncultured_Prochlorococcus_sp._AG-673-K21	35.34
AG-673-K22	Prochlorococcus	2716884806	SAG	Uncultured_Prochlorococcus_sp._AG-673-K22	61.05
AG-673-L20	Prochlorococcus	2716884488	SAG	Uncultured_Prochlorococcus_sp._AG-673-L20	82.61
AG-673-L23	Prochlorococcus	2716884489	SAG	Uncultured_Prochlorococcus_sp._AG-673-L23	69.57
AG-673-M19	Prochlorococcus	2716884490	SAG	Uncultured_Prochlorococcus_sp._AG-673-M19	64.67
AG-673-O02	Prochlorococcus	2716884491	SAG	Uncultured_Prochlorococcus_sp._AG-673-O02	88.72
AG-673-O13	Prochlorococcus	2716884492	SAG	Uncultured_Prochlorococcus_sp._AG-673-O13	42.93
AG-673-P17	Prochlorococcus	2716884807	SAG	Uncultured_Prochlorococcus_sp._AG-673-P17	44.7
AG-676-A03	Synechococcus	2716884619	SAG	Uncultured_Synechococcus_sp._AG-676-A03	16.81
AG-676-A21	Synechococcus	2716884667	SAG	Uncultured_Synechococcus_sp._AG-676-A21	78.46
AG-676-C06	Synechococcus	2716884620	SAG	Uncultured_Synechococcus_sp._AG-676-C06	66.44
AG-676-E04	Synechococcus	2716884258	SAG	Uncultured_Synechococcus_sp._AG-676-E04	17.93
AG-676-E23	Synechococcus	2716884621	SAG	Uncultured_Synechococcus_sp._AG-676-E23	67.53
AG-676-F02	Synechococcus	2716884622	SAG	Uncultured_Synechococcus_sp._AG-676-F02	54.7
AG-676-J23	Prochlorococcus	2716884493	SAG	Uncultured_Prochlorococcus_sp._AG-676-J23	60.33
AG-676-L21	Prochlorococcus	2716884808	SAG	Uncultured_Prochlorococcus_sp._AG-676-L21	75.05
AG-676-M04	Prochlorococcus	2716884494	SAG	Uncultured_Prochlorococcus_sp._AG-676-M04	74.43
AG-676-M23	Prochlorococcus	2716884495	SAG	Uncultured_Prochlorococcus_sp._AG-676-M23	37.11
AG-676-O21	Prochlorococcus	2716884496	SAG	Uncultured_Prochlorococcus_sp._AG-676-O21	73.76
AG-676-P03	Prochlorococcus	2716884497	SAG	Uncultured_Prochlorococcus_sp._AG-676-P03	63.04
AG-676-P15-1	Prochlorococcus	2716884498	SAG	Uncultured_Prochlorococcus_sp._AG-676-P15-1	69.36
AG-676-P23	Prochlorococcus	2716884499	SAG	Uncultured_Prochlorococcus_sp._AG-676-P23	68.34
AG-679-A02	Synechococcus	2716884668	SAG	Uncultured_Synechococcus_sp._AG-679-A02	62.76
AG-679-A04	Synechococcus	2716884669	SAG	Uncultured_Synechococcus_sp._AG-679-A04	71.2
AG-679-B05	Synechococcus	2716884670	SAG	Uncultured_Synechococcus_sp._AG-679-B05	81.1
AG-679-B21	Synechococcus	2716884623	SAG	Uncultured_Synechococcus_sp._AG-679-B21	35.43
AG-679-C18	Synechococcus	2716884671	SAG	Uncultured_Synechococcus_sp._AG-679-C18	87.57
AG-679-D13	Synechococcus	2716884624	SAG	Uncultured_Synechococcus_sp._AG-679-D13	72.55
AG-679-E23	Synechococcus	2716884672	SAG	Uncultured_Synechococcus_sp._AG-679-E23	72.55
AG-679-I23	Prochlorococcus	2716884500	SAG	Uncultured_Prochlorococcus_sp._AG-679-I23	76.36
AG-679-K21	Prochlorococcus	2716884501	SAG	Uncultured_Prochlorococcus_sp._AG-679-K21	64.74
AG-679-M10	Prochlorococcus	2716884502	SAG	Uncultured_Prochlorococcus_sp._AG-679-M10	66.44
AG-679-M23	Prochlorococcus	2716884503	SAG	Uncultured_Prochlorococcus_sp._AG-679-M23	99.73
AG-679-N02	Prochlorococcus	2716884504	SAG	Uncultured_Prochlorococcus_sp._AG-679-N02	63.18
AG-679-N20	Prochlorococcus	2716884809	SAG	Uncultured_Prochlorococcus_sp._AG-679-N20	78.31
AG-679-N22	Prochlorococcus	2716884505	SAG	Uncultured_Prochlorococcus_sp._AG-679-N22	68.12
AG-679-O20	Prochlorococcus	2716884506	SAG	Uncultured_Prochlorococcus_sp._AG-679-O20	56.09
AG-679-P15	Prochlorococcus	2716884272	SAG	Uncultured_Prochlorococcus_sp._AG-679-P15	73.93
AG-679-P16	Prochlorococcus	2716884273	SAG	Uncultured_Prochlorococcus_sp._AG-679-P16	50.18
AG-683-A02	Synechococcus	2716884625	SAG	Uncultured_Synechococcus_sp._AG-683-A02	25.12
AG-683-A03	Synechococcus	2716884626	SAG	Uncultured_Synechococcus_sp._AG-683-A03	52.04
AG-683-A22	Synechococcus	2716884627	SAG	Uncultured_Synechococcus_sp._AG-683-A22	41.12
AG-683-B03	Synechococcus	2716884673	SAG	Uncultured_Synechococcus_sp._AG-683-B03	44.47
AG-683-B21	Synechococcus	2716884674	SAG	Uncultured_Synechococcus_sp._AG-683-B21	61.67
AG-683-C23	Synechococcus	2716884628	SAG	Uncultured_Synechococcus_sp._AG-683-C23	74.77
AG-683-F20	Synechococcus	2716884629	SAG	Uncultured_Synechococcus_sp._AG-683-F20	30.17
AG-683-G11	Synechococcus	2716884675	SAG	Uncultured_Synechococcus_sp._AG-683-G11	50.17
AG-683-K15	Prochlorococcus	2716884274	SAG	Uncultured_Prochlorococcus_sp._AG-683-K15	43.1
AG-683-N17	Prochlorococcus	2716884275	SAG	Uncultured_Prochlorococcus_sp._AG-683-N17	29.31
AG-683-O15	Prochlorococcus	2716884276	SAG	Uncultured_Prochlorococcus_sp._AG-683-O15	62.68
AG-683-O20	Prochlorococcus	2716884277	SAG	Uncultured_Prochlorococcus_sp._AG-683-O20	26.9
AG-686-A03	Synechococcus	2716884630	SAG	Uncultured_Synechococcus_sp._AG-686-A03	58.84
AG-686-A05	Synechococcus	2716884676	SAG	Uncultured_Synechococcus_sp._AG-686-A05	12.09
AG-686-B21	Synechococcus	2716884631	SAG	Uncultured_Synechococcus_sp._AG-686-B21	75.48
AG-686-C21	Synechococcus	2716884677	SAG	Uncultured_Synechococcus_sp._AG-686-C21	48.45
AG-686-C23	Synechococcus	2716884678	SAG	Uncultured_Synechococcus_sp._AG-686-C23	22.55
AG-686-D09	Synechococcus	2716884679	SAG	Uncultured_Synechococcus_sp._AG-686-D09	4.17
AG-686-F08	Synechococcus	2716884680	SAG	Uncultured_Synechococcus_sp._AG-686-F08	60.01
AG-686-I20	Prochlorococcus	2716884278	SAG	Uncultured_Prochlorococcus_sp._AG-686-I20	17.24
AG-686-J21	Prochlorococcus	2716884279	SAG	Uncultured_Prochlorococcus_sp._AG-686-J21	93.61
AG-686-L16	Prochlorococcus	2716884507	SAG	Uncultured_Prochlorococcus_sp._AG-686-L16	46.6
AG-686-M10	Prochlorococcus	2716884508	SAG	Uncultured_Prochlorococcus_sp._AG-686-M10	66.76
AG-686-O05	Prochlorococcus	2716884509	SAG	Uncultured_Prochlorococcus_sp._AG-686-O05	65.09
AG-686-P08	Prochlorococcus	2716884510	SAG	Uncultured_Prochlorococcus_sp._AG-686-P08	62.03
AG-686-P11	Prochlorococcus	2716884280	SAG	Uncultured_Prochlorococcus_sp._AG-686-P11	12.5
AG-686-P16	Prochlorococcus	2716884281	SAG	Uncultured_Prochlorococcus_sp._AG-686-P16	50.32
AG-686-P21	Prochlorococcus	2716884282	SAG	Uncultured_Prochlorococcus_sp._AG-686-P21	28.74
AS9601	Prochlorococcus	2623620959	ISOLATE	Prochlorococcus_sp._AS9601	99.64
BL107	Synechococcus	2623620351	ISOLATE	Synechococcus_sp._BL107	99.73
CC9311	Synechococcus	2623620876	ISOLATE	Synechococcus_sp._CC9311	99.73
CC9605	Synechococcus	2606217400	ISOLATE	Synechococcus_sp._CC9605	99.73
CC9616	Synechococcus	2517093019	ISOLATE	Synechococcus_sp._CC9616	99.46
CC9902	Synechococcus	2606217272	ISOLATE	Synechococcus_sp._CC9902	99.73
EQPAC1	Prochlorococcus	2606217689	ISOLATE	Prochlorococcus_sp._EQPAC1	99.46
GFB01	Synechococcus	2636415834	ISOLATE	Synechococcus_sp._GFB01	84.81
GP2	Prochlorococcus	2606217606	ISOLATE	Prochlorococcus_sp._GP2	99.46
JGI_ETNP_125m_186_G07	Synechococcus	2706794905	SAG	Synechococcus_bacterium_JGI_ETNP_125m_186_G07	8.62
JGI_GoM_1m_183_B01	Prochlorococcus	2706794833	SAG	Prochlorococcus_marinus_JGI_GoM_1m_183_B01	22.41
JGI_GoM_1m_183_H02	Prochlorococcus	2706794829	SAG	Prochlorococcus_marinus_JGI_GoM_1m_183_H02	67.75
JGI_GoM_1m_183_H07	Prochlorococcus	2706794882	SAG	Prochlorococcus_marinus_JGI_GoM_1m_183_H07	30.2
KORDI-100	Synechococcus	2507262013	ISOLATE	Synechococcus_sp._KORDI-100	99.46
KORDI-49	Synechococcus	2507262011	ISOLATE	Synechococcus_sp._KORDI-49	99.37
KORDI-52	Synechococcus	2507262012	ISOLATE	Synechococcus_sp._KORDI-52	100
LG	Prochlorococcus	2606217685	ISOLATE	Prochlorococcus_sp._LG	99.86
MED4	Prochlorococcus	2606217259	ISOLATE	Prochlorococcus_marinus_subsp._pastoris_str._CMP1986	99.46
MIT0601	Prochlorococcus	2606217319	ISOLATE	Prochlorococcus_sp._MIT0601	99.73
MIT0602	Prochlorococcus	2606217317	ISOLATE	Prochlorococcus_sp._MIT0602	100
MIT0603	Prochlorococcus	2606217686	ISOLATE	Prochlorococcus_sp._MIT0603	100
MIT0604	Prochlorococcus	2606217688	ISOLATE	Prochlorococcus_sp._MIT0604	99.73
MIT0701	Prochlorococcus	2606217684	ISOLATE	Prochlorococcus_sp._MIT0701	100
MIT0702	Prochlorococcus	2606217681	ISOLATE	Prochlorococcus_sp._MIT0702	100
MIT0703	Prochlorococcus	2606217682	ISOLATE	Prochlorococcus_sp._MIT0703	99.86
MIT0801	Prochlorococcus	2606217560	ISOLATE	Prochlorococcus_sp._MIT0801	99.18
MIT0912	Prochlorococcus	2681812899	ISOLATE	Prochlorococcus_sp._MIT0912	99.18
MIT0913	Prochlorococcus	2681812900	ISOLATE	Prochlorococcus_sp._MIT0913	99.18
MIT0915	Prochlorococcus	2681812901	ISOLATE	Prochlorococcus_sp._MIT0915	98.64
MIT0917	Prochlorococcus	2681812859	ISOLATE	Prochlorococcus_sp._MIT0917	98.91
MIT0918	Prochlorococcus	2681812902	ISOLATE	Prochlorococcus_sp._MIT0918	99.46
MIT0919	Prochlorococcus	2681812903	ISOLATE	Prochlorococcus_sp._MIT0919	99.73
MIT1013	Prochlorococcus	2681812904	ISOLATE	Prochlorococcus_sp._MIT1013	99.18
MIT1205	Prochlorococcus	2681813566	ISOLATE	Prochlorococcus_sp._MIT1205	99.46
MIT1214	Prochlorococcus	2681813567	ISOLATE	Prochlorococcus_sp._MIT1214	99.18
MIT1223	Prochlorococcus	2681813568	ISOLATE	Prochlorococcus_sp._MIT1223	99.18
MIT1227	Prochlorococcus	2681813569	ISOLATE	Prochlorococcus_sp._MIT1227	100
MIT1300	Prochlorococcus	2681813570	ISOLATE	Prochlorococcus_sp._MIT1300	99.86
MIT1303	Prochlorococcus	2681812923	ISOLATE	Prochlorococcus_sp._MIT1303	99.73
MIT1304	Prochlorococcus	2681813571	ISOLATE	Prochlorococcus_sp._MIT1304	99.46
MIT1306	Prochlorococcus	2681812924	ISOLATE	Prochlorococcus_sp._MIT1306	100
MIT1307	Prochlorococcus	2681813572	ISOLATE	Prochlorococcus_sp._MIT1307	99.18
MIT1312	Prochlorococcus	2681812925	ISOLATE	Prochlorococcus_sp._MIT1312	100
MIT1313	Prochlorococcus	2681812926	ISOLATE	Prochlorococcus_sp._MIT1313	100
MIT1314	Prochlorococcus	2681813573	ISOLATE	Prochlorococcus_sp._MIT1314	100
MIT1318	Prochlorococcus	2681812927	ISOLATE	Prochlorococcus_sp._MIT1318	100
MIT1320	Prochlorococcus	2681812928	ISOLATE	Prochlorococcus_sp._MIT1320	99.73
MIT1323	Prochlorococcus	2681812948	ISOLATE	Prochlorococcus_sp._MIT1323	99.73
MIT1327	Prochlorococcus	2681812949	ISOLATE	Prochlorococcus_sp._MIT1327	100
MIT1341	Prochlorococcus	2681813574	ISOLATE	Prochlorococcus_sp._MIT1341	100
MIT1342	Prochlorococcus	2681812950	ISOLATE	Prochlorococcus_sp._MIT1342	100
MIT1418	Prochlorococcus	2681813575	ISOLATE	Prochlorococcus_sp._MIT1418	99.46
MIT9107	Prochlorococcus	2606217692	ISOLATE	Prochlorococcus_sp._MIT9107	99.46
MIT9116	Prochlorococcus	2606217690	ISOLATE	Prochlorococcus_sp._MIT9116	99.18
MIT9123	Prochlorococcus	2606217318	ISOLATE	Prochlorococcus_sp._MIT9123	99.18
MIT9201	Prochlorococcus	2606217687	ISOLATE	Prochlorococcus_sp._MIT9201	100
MIT9202	Prochlorococcus	2623620984	ISOLATE	Prochlorococcus_sp._MIT9202	98.78
MIT9211	Prochlorococcus	2623620960	ISOLATE	Prochlorococcus_sp._MIT9211	99.73
MIT9215	Prochlorococcus	2606217559	ISOLATE	Prochlorococcus_sp._9215	99.73
MIT9301	Prochlorococcus	2623620961	ISOLATE	Prochlorococcus_sp._MIT9301	99.46
MIT9302	Prochlorococcus	2606217691	ISOLATE	Prochlorococcus_sp._MIT9302	99.18
MIT9303	Prochlorococcus	2623620962	ISOLATE	Prochlorococcus_sp._MIT9303	100
MIT9311	Prochlorococcus	2606217680	ISOLATE	Prochlorococcus_sp._MIT9311	99.73
MIT9312	Prochlorococcus	2606217708	ISOLATE	Prochlorococcus_marinus_MIT_9312	99.73
MIT9313	Prochlorococcus	2606217562	ISOLATE	Prochlorococcus_marinus_MIT_9313	99.46
MIT9314	Prochlorococcus	2606217312	ISOLATE	Prochlorococcus_sp._MIT9314	99.73
MIT9321	Prochlorococcus	2606217683	ISOLATE	Prochlorococcus_sp._MIT9321	99.73
MIT9322	Prochlorococcus	2606217679	ISOLATE	Prochlorococcus_sp._MIT9322	99.73
MIT9401	Prochlorococcus	2606217316	ISOLATE	Prochlorococcus_sp._MIT9401	99.73
MIT9504	Synechococcus	2681812951	ISOLATE	Synechococcus_sp._MIT9504	99.73
MIT9508	Synechococcus	2681812952	ISOLATE	Synechococcus_sp._MIT9508	100
MIT9509	Synechococcus	2681812953	ISOLATE	Synechococcus_sp._MIT9509	99.18
MIT9515	Prochlorococcus	2623620345	ISOLATE	Prochlorococcus_sp._MIT9515	100
NATL1A	Prochlorococcus	2623620348	ISOLATE	Prochlorococcus_sp._NATL1A	99.73
NATL2A	Prochlorococcus	2606217240	ISOLATE	Prochlorococcus_marinus_NATL2A	99.45
PAC1	Prochlorococcus	2606217419	ISOLATE	Prochlorococcus_sp._PAC1	99.18
RCC307	Synechococcus	2623620283	ISOLATE	Synechococcus_sp._RCC307	99.64
RS9916	Synechococcus	2623620281	ISOLATE	Synechococcus_sp._RS9916	99.73
SB	Prochlorococcus	2606217677	ISOLATE	Prochlorococcus_sp._SB	99.91
scB241_526B19	Prochlorococcus	2671180704	SAG	Prochlorococcus_sp._scB241_526B19_BATS_243_60M	30.17
scB241_526B22	Prochlorococcus	2684622569	SAG	Prochlorococcus_sp._scB241_526B22_BATS_245a_60M	52.99
scB243_498N8	Prochlorococcus	2648501403	SAG	Prochlorococcus_sp._scB243_498N8	48.57
scB243_498P15	Prochlorococcus	2639762776	SAG	Prochlorococcus_sp._scB243_498P15	93.61
scB243_498P3	Prochlorococcus	2634166556	SAG	Prochlorococcus_sp._scB243_498P3	79.98
scB245a_518A17	Prochlorococcus	2648501290	SAG	Prochlorococcus_sp._scB245a_518A17	95.15
scB245a_518A6	Prochlorococcus	2645727585	SAG	Prochlorococcus_sp._scB245a_518A6	79.44
scB245a_518E10	Prochlorococcus	2648501812	SAG	Prochlorococcus_sp._scB245a_518E10	76
scB245a_518I6	Prochlorococcus	2654587779	SAG	Prochlorococcus_sp._scB245a_518I6	84.26
scB245a_518J7	Prochlorococcus	2654587780	SAG	Prochlorococcus_sp._scB245a_518J7	77.47
scB245a_518K17	Prochlorococcus	2645727806	SAG	Prochlorococcus_sp._scB245a_518K17	78.71
scB245a_518O7	Prochlorococcus	2654587778	SAG	Prochlorococcus_sp._scB245a_518O7	79.53
scB245a_519A13	Prochlorococcus	2654587782	SAG	Prochlorococcus_sp._scB245a_519A13	62.68
scB245a_519B7	Prochlorococcus	2645727953	SAG	Prochlorococcus_sp._scB245a_519B7	31.03
scB245a_519C7	Prochlorococcus	2648501432	SAG	Prochlorococcus_sp._scB245a_519C7	83.97
scB245a_519D13	Prochlorococcus	2654587781	SAG	Prochlorococcus_sp._scB245a_519D13	77.81
scB245a_519E23	Prochlorococcus	2654587783	SAG	Prochlorococcus_sp._scB245a_519E23	72.19
scB245a_519G16	Prochlorococcus	2648501767	SAG	Prochlorococcus_sp._scB245a_519G16	69.67
scB245a_519L21	Prochlorococcus	2648501456	SAG	Prochlorococcus_sp._scB245a_519L21	81.27
scB245a_519O11	Prochlorococcus	2645727588	SAG	Prochlorococcus_sp._scB245a_519O11	72.97
scB245a_519O21	Prochlorococcus	2654587734	SAG	Prochlorococcus_sp._scB245a_519O21	82.34
scB245a_520B18	Prochlorococcus	2648501714	SAG	Prochlorococcus_sp._scB245a_520B18	78.71
scB245a_520D2	Prochlorococcus	2645727716	SAG	Prochlorococcus_sp._scB245a_520D2	56.84
scB245a_520E22	Prochlorococcus	2645727878	SAG	Prochlorococcus_sp._scB245a_520E22	59.96
scB245a_520F22	Prochlorococcus	2645727517	SAG	Prochlorococcus_sp._scB245a_520F22	83.24
scB245a_520K10	Prochlorococcus	2648501142	SAG	Prochlorococcus_sp._scB245a_520K10	90.22
scB245a_520M11	Prochlorococcus	2645727954	SAG	Prochlorococcus_sp._scB245a_520M11	8.62
scB245a_521A19	Prochlorococcus	2654587735	SAG	Prochlorococcus_sp._scB245a_521A19	66.63
scB245a_521B10	Prochlorococcus	2648501450	SAG	Prochlorococcus_sp._scB245a_521B10	90.49
scB245a_521C8	Prochlorococcus	2648501807	SAG	Prochlorococcus_sp._scB245a_521C8	52.13
scB245a_521K15	Prochlorococcus	2651869831	SAG	Prochlorococcus_sp._scB245a_521K15	86.46
scB245a_521M10	Prochlorococcus	2654587612	SAG	Prochlorococcus_sp._scB245a_521M10	41.38
scB245a_521N3	Prochlorococcus	2645727771	SAG	Prochlorococcus_sp._scB245a_521N3	25.86
scB245a_521N5	Prochlorococcus	2654587690	SAG	Prochlorococcus_sp._scB245a_521N5	38.5
scB245a_521O20	Prochlorococcus	2648501259	SAG	Prochlorococcus_sp._scB245a_521O20	85.87
scB245a_521O23	Prochlorococcus	2648501917	SAG	Prochlorococcus_sp._scB245a_521O23	52.53
SS120	Prochlorococcus	2623620733	ISOLATE	Prochlorococcus_marinus_marinus_CCMP1375	99.86
SS2	Prochlorococcus	2606217313	ISOLATE	Prochlorococcus_sp._SS2	100
SS35	Prochlorococcus	2606217311	ISOLATE	Prochlorococcus_sp._SS35	99.86
SS51	Prochlorococcus	2606217315	ISOLATE	Prochlorococcus_sp._SS51	100
SS52	Prochlorococcus	2606217314	ISOLATE	Prochlorococcus_sp._SS52	99.86
WH7803	Synechococcus	2623620330	ISOLATE	Synechococcus_sp._WH7803	98.91
WH7805	Synechococcus	2623620868	ISOLATE	Synechococcus_sp._WH7805	99.73
WH8016	Synechococcus	2507262052	ISOLATE	Synechococcus_sp._WH_8016	99.18
WH8020	Synechococcus	2645727663	ISOLATE	Synechococcus_sp._WH_8020	99.73
WH8102	Synechococcus	2606217514	ISOLATE	Synechococcus_sp._WH8102	99.46
WH8103	Synechococcus	2687453380	ISOLATE	Synechococcus_sp._WH_8103_WH8103	99.73
SynAce01	Synechococcus	2718218441	ISOLATE	Synechococcus_sp._SynAce01	99.73
9515-10a	Virus	2602041545	ISOLATE	Cyanophage_9515-10a	0
KBS-P-1A	Virus	2609459815	ISOLATE	Cyanophage_KBS-P-1A	0
KBS-S-2A	Virus	2609459829	ISOLATE	Cyanophage_KBS-S-2A	0
MED4-117	Virus	2609459788	ISOLATE	Cyanophage_MED4-117	0
NATL1A-7	Virus	2597490001	ISOLATE	Cyanophage_NATL1A-7	0
NATL2A-133	Virus	2597489913	ISOLATE	Cyanophage_NATL2A-133	0
P-RSM6	Virus	2609459828	ISOLATE	Cyanophage_P-RSM6	0
P-SS1	Virus	2606217119	ISOLATE	Cyanophage_P-SS1	0
P-SSP2	Virus	2597490306	ISOLATE	Cyanophage_P-SSP2	0
P-TIM40	Virus	2706795243	ISOLATE	Cyanophage_P-TIM40	0
S-RIM32	Virus	2706795204	ISOLATE	Cyanophage_S-RIM32	0
S-RIM50	Virus	2706795328	ISOLATE	Cyanophage_S-RIM50	0
S-SSM2	Virus	2617270996	ISOLATE	Cyanophage_S-SSM2	0
Syn2	Virus	2617270995	ISOLATE	Cyanophage_Syn2	0
Syn10	Virus	2609459818	ISOLATE	Cyanophage_Syn10	0
Syn30	Virus	2609459816	ISOLATE	Cyanophage_Syn30	0
MED4-184	Virus	2617270994	ISOLATE	Prochlorococcus_phage_MED4-184	0
P-SSM3	Virus	2609459814	ISOLATE	Prochlorococcus_phage_P-SSM3	0
P-SSP10	Virus	2606217114	ISOLATE	Prochlorococcus_phage_P-SSP10	0
P-TIM68	Virus	2716885034	ISOLATE	Prochlorococcus_phage_P-TIM68	0
ACG-2014b	Virus	2706796264	ISOLATE	Synechococcus_phage_ACG-2014b_Syn7803C100	0
ACG-2014d	Virus	2706796644	ISOLATE	Synechococcus_phage_ACG-2014d_Syn7803C102	0
ACG-2014e	Virus	2706796645	ISOLATE	Synechococcus_phage_ACG-2014e_Syn7803C2	0
ACG-2014f	Virus	2706796646	ISOLATE	Synechococcus_phage_ACG-2014f_Syn7803C90	0
ACG-2014g	Virus	2706796647	ISOLATE	Synechococcus_phage_ACG-2014g_Syn7803US105	0
ACG-2014i	Virus	2706795123	ISOLATE	Synechococcus_phage_ACG-2014i_Syn7803US120	0
ACG-2014j	Virus	2706796648	ISOLATE	Synechococcus_phage_ACG-2014j_Syn7803US103	0
KBS-M-1A	Virus	2609459806	ISOLATE	Synechococcus_phage_KBS-M-1A	0
S-CBP1	Virus	2706795826	ISOLATE	Synechococcus_phage_S-CBP1	0
S-CBP2	Virus	2706795823	ISOLATE	Synechococcus_phage_S-CBP2	0
S-CBP3	Virus	2706795824	ISOLATE	Synechococcus_phage_S-CBP3	0
S-CBP4	Virus	2706795825	ISOLATE	Synechococcus_phage_S-CBP4	0
S-CBP42	Virus	2706796025	ISOLATE	Synechococcus_phage_S-CBP42	0
S-CBS1	Virus	2602041883	ISOLATE	Synechococcus_phage_S-CBS1	0
S-CBS4	Virus	2597490064	ISOLATE	Synechococcus_phage_S-CBS4	0
S-MbCM7	Virus	2700989019	ISOLATE	Synechococcus_phage_S-MbCM7	0
S-MbCM100	Virus	2700988993	ISOLATE	Synechococcus_phage_S-MbCM100	0
CB0101	Synechococcus	649990022	ISOLATE	Synechococcus_sp._CB0101	99.73
CB0205	Synechococcus	649990023	ISOLATE	Synechococcus_sp._CB0205	99.18
RS9917	Synechococcus	638341213	ISOLATE	Synechococcus_sp._RS9917	99.73
WH8109	Synechococcus	2563366603	ISOLATE	Synechococcus_sp._WH_8109	99.46
WH5701	Synechococcus	638341214	ISOLATE	Synechococcus_sp._WH5701	99.46
W10	Prochlorococcus	2551306558	SAG	Prochlorococcus_sp._W10	25.34
W11	Prochlorococcus	2551306550	SAG	Prochlorococcus_sp._W11	46.21
W12	Prochlorococcus	2551306551	SAG	Prochlorococcus_sp._W12	17.24
W2	Prochlorococcus	2551306553	SAG	Prochlorococcus_sp._W2	76.84
W3	Prochlorococcus	2551306547	SAG	Prochlorococcus_sp._W3	19.25
W4	Prochlorococcus	2551306560	SAG	Prochlorococcus_sp._W4	38.09
W5	Prochlorococcus	2551306555	SAG	Prochlorococcus_sp._W5	6.03
W6	Prochlorococcus	2551306659	SAG	Prochlorococcus_sp._W6	32.31
W7	Prochlorococcus	2551306661	SAG	Prochlorococcus_sp._W7	55.71
W8	Prochlorococcus	2551306554	SAG	Prochlorococcus_sp._W8	61.01
W9	Prochlorococcus	2551306556	SAG	Prochlorococcus_sp._W9	13.79
P-RSM1	Virus	2588253670	ISOLATE	Cyanophage_P-RSM1	0
P-RSM3	Virus	2588253652	ISOLATE	Cyanophage_P-RSM3	0
PSS2	Virus	645044525	ISOLATE	Cyanophage_PSS2	0
S-SSM6a	Virus	2588253689	ISOLATE	Cyanophage_S-SSM6a	0
S-SSM6b	Virus	2588253655	ISOLATE	Cyanophage_S-SSM6b	0
S-TIM5	Virus	2595698497	ISOLATE	Cyanophage_S-TIM5	0
SS120-1	Virus	2588253699	ISOLATE	Cyanophage_SS120-1	0
MED4-213	Virus	2588253562	ISOLATE	Prochlorococcus_phage_MED4-213	0
P-GSP1	Virus	2588253697	ISOLATE	Prochlorococcus_phage_P-GSP1	0
P-HM1	Virus	651703066	ISOLATE	Prochlorococcus_phage_P-HM1	0
P-HM2	Virus	651703067	ISOLATE	Prochlorococcus_phage_P-HM2	0
P-RSM4	Virus	651703068	ISOLATE	Prochlorococcus_phage_P-RSM4	0
P-RSP2	Virus	2588253684	ISOLATE	Prochlorococcus_phage_P-RSP2	0
P-SSM2	Virus	638275926	ISOLATE	Prochlorococcus_phage_P-SSM2	0
P-SSM4	Virus	638275927	ISOLATE	Prochlorococcus_phage_P-SSM4	0
P-SSM5	Virus	2588253666	ISOLATE	Prochlorococcus_phage_P-SSM5	0
P-SSM7	Virus	651703069	ISOLATE	Prochlorococcus_phage_P-SSM7	0
P-SSP3	Virus	2588253654	ISOLATE	Prochlorococcus_phage_P-SSP3	0
P-SSP6	Virus	2588253554	ISOLATE	Prochlorococcus_phage_P-SSP6	0
P-SSP7	Virus	638275928	ISOLATE	Prochlorococcus_phage_P-SSP7	0
Syn1	Virus	651703070	ISOLATE	Prochlorococcus_phage_Syn1	0
Syn33	Virus	651703071	ISOLATE	Prochlorococcus_phage_Syn33	0
P60	Virus	638276930	ISOLATE	Synechococcus_phage_P60	0
S-CAM1	Virus	2588253665	ISOLATE	Synechococcus_phage_S-CAM1	0
S-CAM8	Virus	2588253564	ISOLATE	Synechococcus_phage_S-CAM8	0
S-CBS2	Virus	651703099	ISOLATE	Synechococcus_phage_S-CBS2	0
S-CBS3	Virus	651703100	ISOLATE	Synechococcus_phage_S-CBS3	0
S-IOM18	Virus	2588253677	ISOLATE	Synechococcus_phage_S-IOM18	0
S-MbCM6	Virus	2595698409	ISOLATE	Synechococcus_phage_S-MbCM6	0
S-PM2	Virus	638275561	ISOLATE	Synechococcus_phage_S-PM2	0
S-RIP1	Virus	2588253679	ISOLATE	Synechococcus_phage_S-RIP1	0
S-RIP2	Virus	2588253671	ISOLATE	Synechococcus_phage_S-RIP2	0
S-RSM4	Virus	645044605	ISOLATE	Synechococcus_phage_S-RSM4	0
S-SKS1	Virus	2588253685	ISOLATE	Synechococcus_phage_S-SKS1	0
S-SM1	Virus	651703102	ISOLATE	Synechococcus_phage_S-SM1	0
S-SM2	Virus	651703103	ISOLATE	Synechococcus_phage_S-SM2	0
S-SSM4	Virus	2588253649	ISOLATE	Synechococcus_phage_S-SSM4	0
S-SSM5	Virus	651703104	ISOLATE	Synechococcus_phage_S-SSM5	0
S-SSM7	Virus	651703105	ISOLATE	Synechococcus_phage_S-SSM7	0
S-ShM2	Virus	651703106	ISOLATE	Synechococcus_phage_S-ShM2	0
Syn19	Virus	651703107	ISOLATE	Synechococcus_phage_Syn19	0
Syn5	Virus	641201056	ISOLATE	Synechococcus_phage_Syn5	0
metaG-MbCM1	Virus	2595698410	ISOLATE	Synechococcus_phage_metaG-MbCM1	0
Syn9	Virus	638275565	ISOLATE	Synechococcus_phage_syn9	0
