GenomeID,GenomeName,Type,Group,Clade,Virocell,Completeness
2716884698,AG-316-L16,SAG,Prochlorococcus,AMZ-II,False,20.69
2716884700,AG-316-N23,SAG,Prochlorococcus,AMZ-II,False,20.69
2716884701,AG-316-P23,SAG,Prochlorococcus,AMZ-II,False,12.07
2716884699,AG-316-L21,SAG,Prochlorococcus,AMZ-II,False,10.34
2716884642,AG-316-A05,SAG,Prochlorococcus,AMZ-II,False,6.9
2716884643,AG-316-G21,SAG,Prochlorococcus,AMZ-II,False,6.9
2716884644,AG-316-N21,SAG,Prochlorococcus,AMZ-II,False,0.0
2716884503,AG-679-M23,SAG,Prochlorococcus,HLI,False,99.73
2716884367,AG-388-E21,SAG,Prochlorococcus,HLI,False,98.91
2716884409,AG-418-M08,SAG,Prochlorococcus,HLI,False,98.51
2716884731,AG-388-J02,SAG,Prochlorococcus,HLI,False,98.37
2716884783,AG-442-D10,SAG,Prochlorococcus,HLI,False,96.47
2716884445,AG-442-M23,SAG,Prochlorococcus,HLI,False,95.61
2667527275,AG-402-N10,SAG,Prochlorococcus,HLI,False,95.11
2716884480,AG-670-N10,SAG,Prochlorococcus,HLI,False,94.79
2716884369,AG-388-I18,SAG,Prochlorococcus,HLI,False,94.57
2716884279,AG-686-J21,SAG,Prochlorococcus,HLI,False,93.61
2716884728,AG-388-A04,SAG,Prochlorococcus,HLI,False,90.49
2667527322,AG-347-J22,SAG,Prochlorococcus,HLI,False,89.27
2716884491,AG-673-O02,SAG,Prochlorococcus,HLI,False,88.72
2716884729,AG-388-B05,SAG,Prochlorococcus,HLI,False,86.93
2716884476,AG-670-L08,SAG,Prochlorococcus,HLI,False,86.89
2716884481,AG-670-O07,SAG,Prochlorococcus,HLI,False,85.05
2716884789,AG-459-A09,SAG,Prochlorococcus,HLI,False,84.74
2716884488,AG-673-L20,SAG,Prochlorococcus,HLI,False,82.61
2716884730,AG-388-D03,SAG,Prochlorococcus,HLI,False,81.39
2716884809,AG-679-N20,SAG,Prochlorococcus,HLI,False,78.31
2716884805,AG-670-O17,SAG,Prochlorococcus,HLI,False,78.08
2716884704,AG-321-D23,SAG,Prochlorococcus,HLI,False,76.9
2716884808,AG-676-L21,SAG,Prochlorococcus,HLI,False,75.05
2716884494,AG-676-M04,SAG,Prochlorococcus,HLI,False,74.43
2716884447,AG-442-N17,SAG,Prochlorococcus,HLI,False,74.18
2716884272,AG-679-P15,SAG,Prochlorococcus,HLI,False,73.93
2716884496,AG-676-O21,SAG,Prochlorococcus,HLI,False,73.76
2716884798,AG-459-O03,SAG,Prochlorococcus,HLI,False,72.14
2716884705,AG-321-E21,SAG,Prochlorococcus,HLI,False,72.01
2716884473,AG-670-J16,SAG,Prochlorococcus,HLI,False,70.29
2716884489,AG-673-L23,SAG,Prochlorococcus,HLI,False,69.57
2716884498,AG-676-P15-1,SAG,Prochlorococcus,HLI,False,69.36
2716884499,AG-676-P23,SAG,Prochlorococcus,HLI,False,68.34
2716884505,AG-679-N22,SAG,Prochlorococcus,HLI,False,68.12
2716884484,AG-670-O13,SAG,Prochlorococcus,HLI,False,67.8
2716884508,AG-686-M10,SAG,Prochlorococcus,HLI,False,66.76
2716884502,AG-679-M10,SAG,Prochlorococcus,HLI,False,66.44
2716884509,AG-686-O05,SAG,Prochlorococcus,HLI,False,65.09
2716884501,AG-679-K21,SAG,Prochlorococcus,HLI,False,64.74
2716884490,AG-673-M19,SAG,Prochlorococcus,HLI,False,64.67
2716884504,AG-679-N02,SAG,Prochlorococcus,HLI,False,63.18
2716884497,AG-676-P03,SAG,Prochlorococcus,HLI,False,63.04
2716884276,AG-683-O15,SAG,Prochlorococcus,HLI,False,62.68
2716884510,AG-686-P08,SAG,Prochlorococcus,HLI,False,62.03
2716884493,AG-676-J23,SAG,Prochlorococcus,HLI,False,60.33
2716884459,AG-459-P02,SAG,Prochlorococcus,HLI,False,59.92
2716884343,AG-335-I21,SAG,Prochlorococcus,HLI,False,59.5
2716884472,AG-469-F22,SAG,Prochlorococcus,HLI,False,59.3
2716884796,AG-459-M13,SAG,Prochlorococcus,HLI,False,59.24
2716884460,AG-459-P16,SAG,Prochlorococcus,HLI,False,57.02
2716884506,AG-679-O20,SAG,Prochlorococcus,HLI,False,56.09
2716884712,AG-335-A05,SAG,Prochlorococcus,HLI,False,52.85
2716884717,AG-335-E22,SAG,Prochlorococcus,HLI,False,52.72
2716884720,AG-335-J19,SAG,Prochlorococcus,HLI,False,52.13
2716884647,AG-321-M21,SAG,Prochlorococcus,HLI,False,51.11
2716884483,AG-670-O11,SAG,Prochlorococcus,HLI,False,50.5
2716884795,AG-459-J20,SAG,Prochlorococcus,HLI,False,50.32
2716884281,AG-686-P16,SAG,Prochlorococcus,HLI,False,50.32
2716884273,AG-679-P16,SAG,Prochlorococcus,HLI,False,50.18
2716884455,AG-455-O05,SAG,Prochlorococcus,HLI,False,49.59
2716884683,AG-311-I09,SAG,Prochlorococcus,HLI,False,47.41
2716884721,AG-335-L06,SAG,Prochlorococcus,HLI,False,46.97
2716884507,AG-686-L16,SAG,Prochlorococcus,HLI,False,46.6
2716884715,AG-335-D02,SAG,Prochlorococcus,HLI,False,45.83
2716884807,AG-673-P17,SAG,Prochlorococcus,HLI,False,44.7
2716884804,AG-469-N22,SAG,Prochlorococcus,HLI,False,44.5
2716884722,AG-335-O19,SAG,Prochlorococcus,HLI,False,44.14
2716884274,AG-683-K15,SAG,Prochlorococcus,HLI,False,43.1
2716884492,AG-673-O13,SAG,Prochlorococcus,HLI,False,42.93
2716884636,AG-311-M23,SAG,Prochlorococcus,HLI,False,41.78
2716884456,AG-459-A01,SAG,Prochlorococcus,HLI,False,41.54
2716884344,AG-335-N20,SAG,Prochlorococcus,HLI,False,40.15
2716884713,AG-335-B08,SAG,Prochlorococcus,HLI,False,39.54
2716884482,AG-670-O09,SAG,Prochlorococcus,HLI,False,39.5
2716884800,AG-459-P19,SAG,Prochlorococcus,HLI,False,39.27
2716884707,AG-321-G20,SAG,Prochlorococcus,HLI,False,38.4
2716884714,AG-335-C21,SAG,Prochlorococcus,HLI,False,38.28
2716884802,AG-469-F15,SAG,Prochlorococcus,HLI,False,37.91
2716884495,AG-676-M23,SAG,Prochlorococcus,HLI,False,37.11
2716884716,AG-335-D04,SAG,Prochlorococcus,HLI,False,35.34
2716884487,AG-673-K21,SAG,Prochlorococcus,HLI,False,35.34
2716884684,AG-311-J05,SAG,Prochlorococcus,HLI,False,34.64
2716884345,AG-335-P02,SAG,Prochlorococcus,HLI,False,34.48
2716884477,AG-670-L16,SAG,Prochlorococcus,HLI,False,30.7
2716884706,AG-321-F02,SAG,Prochlorococcus,HLI,False,29.31
2716884275,AG-683-N17,SAG,Prochlorococcus,HLI,False,29.31
2716884282,AG-686-P21,SAG,Prochlorococcus,HLI,False,28.74
2716884656,AG-331-E10,SAG,Prochlorococcus,HLI,False,28.45
2716884660,AG-331-J21,SAG,Prochlorococcus,HLI,False,27.44
2716884277,AG-683-O20,SAG,Prochlorococcus,HLI,False,26.9
2716884718,AG-335-F06,SAG,Prochlorococcus,HLI,False,25.86
2716884708,AG-321-G21,SAG,Prochlorococcus,HLI,False,25.0
2716884649,AG-321-P21,SAG,Prochlorococcus,HLI,False,24.9
2716884659,AG-331-J19,SAG,Prochlorococcus,HLI,False,23.44
2716884645,AG-321-I09,SAG,Prochlorococcus,HLI,False,21.25
2716884475,AG-670-K23,SAG,Prochlorococcus,HLI,False,20.2
2716884653,AG-331-B23,SAG,Prochlorococcus,HLI,False,17.24
2716884278,AG-686-I20,SAG,Prochlorococcus,HLI,False,17.24
2716884486,AG-673-I19,SAG,Prochlorococcus,HLI,False,16.77
2716884259,AG-321-L23,SAG,Prochlorococcus,HLI,False,14.66
2716884646,AG-321-K06,SAG,Prochlorococcus,HLI,False,13.79
2716884658,AG-331-F21,SAG,Prochlorococcus,HLI,False,13.26
2716884634,AG-311-K22,SAG,Prochlorococcus,HLI,False,12.5
2716884703,AG-321-B15,SAG,Prochlorococcus,HLI,False,12.5
2716884280,AG-686-P11,SAG,Prochlorococcus,HLI,False,12.5
2716884655,AG-331-D11,SAG,Prochlorococcus,HLI,False,12.24
2716884648,AG-321-O21,SAG,Prochlorococcus,HLI,False,12.07
2716884687,AG-311-M15,SAG,Prochlorococcus,HLI,False,10.34
2716884702,AG-321-B08,SAG,Prochlorococcus,HLI,False,9.48
2716884651,AG-331-A02,SAG,Prochlorococcus,HLI,False,8.1
2716884686,AG-311-L23,SAG,Prochlorococcus,HLI,False,4.17
2623620345,MIT9515,ISOLATE,Prochlorococcus,HLI,False,100.0
2606217689,EQPAC1,ISOLATE,Prochlorococcus,HLI,False,99.46
2606217259,MED4,ISOLATE,Prochlorococcus,HLI,False,99.46
2667527344,AG-402-K21,SAG,Prochlorococcus,HLII,False,98.1
2667527272,AG-402-M15,SAG,Prochlorococcus,HLII,False,97.28
2716884760,AG-412-J13,SAG,Prochlorococcus,HLII,False,97.11
2667527304,AG-355-N16,SAG,Prochlorococcus,HLII,False,96.33
2667527271,AG-402-L23,SAG,Prochlorococcus,HLII,False,95.79
2667527285,AG-355-B18,SAG,Prochlorococcus,HLII,False,95.7
2667527248,AG-347-L20,SAG,Prochlorococcus,HLII,False,95.24
2716884383,AG-402-N08,SAG,Prochlorococcus,HLII,False,95.15
2648501290,scB245a_518A17,SAG,Prochlorococcus,HLII,False,95.15
2667527329,AG-347-G18,SAG,Prochlorococcus,HLII,False,95.03
2667527301,AG-355-M02,SAG,Prochlorococcus,HLII,False,94.88
2667527308,AG-355-O17,SAG,Prochlorococcus,HLII,False,94.61
2667527326,AG-347-K16,SAG,Prochlorococcus,HLII,False,94.47
2667527245,AG-347-L02,SAG,Prochlorococcus,HLII,False,94.2
2667527288,AG-355-I04,SAG,Prochlorococcus,HLII,False,94.02
2667527240,AG-347-K18,SAG,Prochlorococcus,HLII,False,93.93
2716884768,AG-418-D13,SAG,Prochlorococcus,HLII,False,93.93
2667527246,AG-347-L17,SAG,Prochlorococcus,HLII,False,93.8
2667527332,AG-347-I06,SAG,Prochlorococcus,HLII,False,93.75
2667527339,AG-347-J19,SAG,Prochlorococcus,HLII,False,93.75
2716884782,AG-442-B03,SAG,Prochlorococcus,HLII,False,93.75
2667527295,AG-355-K20,SAG,Prochlorococcus,HLII,False,93.7
2639762776,scB243_498P15,SAG,Prochlorococcus,HLII,False,93.61
2667527334,AG-347-I19,SAG,Prochlorococcus,HLII,False,93.34
2667527335,AG-347-I21,SAG,Prochlorococcus,HLII,False,93.21
2667527349,AG-355-P11,SAG,Prochlorococcus,HLII,False,93.1
2667527341,AG-347-J21,SAG,Prochlorococcus,HLII,False,92.84
2667527278,AG-402-O16,SAG,Prochlorococcus,HLII,False,92.8
2716884403,AG-418-I20,SAG,Prochlorococcus,HLII,False,92.66
2667527348,AG-355-P07,SAG,Prochlorococcus,HLII,False,92.53
2667527263,AG-402-I23,SAG,Prochlorococcus,HLII,False,92.53
2716884446,AG-442-N07,SAG,Prochlorococcus,HLII,False,92.12
2667527241,AG-347-K19,SAG,Prochlorococcus,HLII,False,92.07
2667527284,AG-355-A09,SAG,Prochlorococcus,HLII,False,92.03
2667527291,AG-355-J09,SAG,Prochlorococcus,HLII,False,91.91
2667527351,AG-355-P16,SAG,Prochlorococcus,HLII,False,91.85
2667527239,AG-347-K17,SAG,Prochlorococcus,HLII,False,91.53
2716884361,AG-347-M08,SAG,Prochlorococcus,HLII,False,91.53
2716884417,AG-424-E18,SAG,Prochlorococcus,HLII,False,91.3
2716884727,AG-388-A01,SAG,Prochlorococcus,HLII,False,91.21
2667527338,AG-347-J14,SAG,Prochlorococcus,HLII,False,91.17
2667527303,AG-355-N02,SAG,Prochlorococcus,HLII,False,91.17
2667527306,AG-355-N22,SAG,Prochlorococcus,HLII,False,90.85
2667527340,AG-347-J20,SAG,Prochlorococcus,HLII,False,90.67
2667527242,AG-347-K20,SAG,Prochlorococcus,HLII,False,90.49
2648501450,scB245a_521B10,SAG,Prochlorococcus,HLII,False,90.49
2716884358,AG-347-E23,SAG,Prochlorococcus,HLII,False,90.22
2648501142,scB245a_520K10,SAG,Prochlorococcus,HLII,False,90.22
2716884359,AG-347-I04,SAG,Prochlorococcus,HLII,False,90.04
2667527252,AG-347-M23,SAG,Prochlorococcus,HLII,False,89.58
2716884420,AG-424-P23,SAG,Prochlorococcus,HLII,False,89.56
2667527330,AG-347-G20,SAG,Prochlorococcus,HLII,False,89.4
2716884414,AG-418-P13,SAG,Prochlorococcus,HLII,False,89.4
2667527343,AG-402-K16,SAG,Prochlorococcus,HLII,False,89.18
2667527324,AG-347-K02,SAG,Prochlorococcus,HLII,False,89.09
2716884773,AG-424-J22,SAG,Prochlorococcus,HLII,False,88.99
2667527347,AG-355-N18,SAG,Prochlorococcus,HLII,False,88.72
2667527352,AG-355-P18,SAG,Prochlorococcus,HLII,False,88.68
2716884380,AG-402-F05,SAG,Prochlorococcus,HLII,False,88.67
2716884419,AG-424-P18,SAG,Prochlorococcus,HLII,False,88.62
2667527253,AG-347-N19,SAG,Prochlorococcus,HLII,False,87.77
2667527292,AG-355-J23,SAG,Prochlorococcus,HLII,False,87.41
2716884368,AG-388-F11,SAG,Prochlorococcus,HLII,False,87.05
2667527333,AG-347-I15,SAG,Prochlorococcus,HLII,False,86.96
2667527255,AG-347-O22,SAG,Prochlorococcus,HLII,False,86.91
2667527297,AG-355-L02,SAG,Prochlorococcus,HLII,False,86.87
2716884360,AG-347-J06,SAG,Prochlorococcus,HLII,False,86.85
2651869831,scB245a_521K15,SAG,Prochlorococcus,HLII,False,86.46
2667527267,AG-402-K22,SAG,Prochlorococcus,HLII,False,86.19
2716884357,AG-347-E03,SAG,Prochlorococcus,HLII,False,86.01
2648501259,scB245a_521O20,SAG,Prochlorococcus,HLII,False,85.87
2667527251,AG-347-M18,SAG,Prochlorococcus,HLII,False,85.78
2716884262,AG-347-K10,SAG,Prochlorococcus,HLII,False,85.64
2716884430,AG-436-A04,SAG,Prochlorococcus,HLII,False,85.46
2667527294,AG-355-K15,SAG,Prochlorococcus,HLII,False,85.39
2716884786,AG-449-G23,SAG,Prochlorococcus,HLII,False,85.28
2667527298,AG-355-L20,SAG,Prochlorococcus,HLII,False,85.24
2716884769,AG-418-F08,SAG,Prochlorococcus,HLII,False,84.89
2667527287,AG-355-G23,SAG,Prochlorococcus,HLII,False,84.83
2667527250,AG-347-M15,SAG,Prochlorococcus,HLII,False,84.38
2654587779,scB245a_518I6,SAG,Prochlorococcus,HLII,False,84.26
2716884378,AG-402-C22,SAG,Prochlorococcus,HLII,False,84.01
2648501432,scB245a_519C7,SAG,Prochlorococcus,HLII,False,83.97
2716884404,AG-418-J17,SAG,Prochlorococcus,HLII,False,83.29
2645727517,scB245a_520F22,SAG,Prochlorococcus,HLII,False,83.24
2716884413,AG-418-P06,SAG,Prochlorococcus,HLII,False,83.02
2667527247,AG-347-L19,SAG,Prochlorococcus,HLII,False,82.52
2654587734,scB245a_519O21,SAG,Prochlorococcus,HLII,False,82.34
2667527249,AG-347-L21,SAG,Prochlorococcus,HLII,False,81.95
2667527277,AG-402-N23,SAG,Prochlorococcus,HLII,False,81.79
2648501456,scB245a_519L21,SAG,Prochlorococcus,HLII,False,81.27
2667527289,AG-355-I20,SAG,Prochlorococcus,HLII,False,81.16
2667527302,AG-355-M18,SAG,Prochlorococcus,HLII,False,80.66
2716884416,AG-424-A14,SAG,Prochlorococcus,HLII,False,80.39
2716884372,AG-402-A04,SAG,Prochlorococcus,HLII,False,80.21
2716884364,AG-355-K03,SAG,Prochlorococcus,HLII,False,80.16
2667527331,AG-347-G22,SAG,Prochlorococcus,HLII,False,79.98
2634166556,scB243_498P3,SAG,Prochlorococcus,HLII,False,79.98
2654587778,scB245a_518O7,SAG,Prochlorococcus,HLII,False,79.53
2716884412,AG-418-O03,SAG,Prochlorococcus,HLII,False,79.48
2645727585,scB245a_518A6,SAG,Prochlorococcus,HLII,False,79.44
2667527286,AG-355-B23,SAG,Prochlorococcus,HLII,False,79.38
2667527323,AG-347-J23,SAG,Prochlorococcus,HLII,False,79.08
2645727806,scB245a_518K17,SAG,Prochlorococcus,HLII,False,78.71
2648501714,scB245a_520B18,SAG,Prochlorococcus,HLII,False,78.71
2716884400,AG-412-A14,SAG,Prochlorococcus,HLII,False,78.12
2716884411,AG-418-O02,SAG,Prochlorococcus,HLII,False,77.94
2654587781,scB245a_519D13,SAG,Prochlorococcus,HLII,False,77.81
2654587780,scB245a_518J7,SAG,Prochlorococcus,HLII,False,77.47
2716884787,AG-449-J16,SAG,Prochlorococcus,HLII,False,77.45
2716884797,AG-459-N19,SAG,Prochlorococcus,HLII,False,76.81
2716884406,AG-418-K17,SAG,Prochlorococcus,HLII,False,76.77
2667527325,AG-347-K15,SAG,Prochlorococcus,HLII,False,76.13
2648501812,scB245a_518E10,SAG,Prochlorococcus,HLII,False,76.0
2716884436,AG-436-D21,SAG,Prochlorococcus,HLII,False,75.41
2716884356,AG-347-C10,SAG,Prochlorococcus,HLII,False,75.07
2667527321,AG-347-B23,SAG,Prochlorococcus,HLII,False,74.67
2667527350,AG-355-P15,SAG,Prochlorococcus,HLII,False,74.67
2667527300,AG-355-L22,SAG,Prochlorococcus,HLII,False,74.34
2716884458,AG-459-O09,SAG,Prochlorococcus,HLII,False,74.05
2716884755,AG-412-C21,SAG,Prochlorococcus,HLII,False,73.91
2716884776,AG-424-P16,SAG,Prochlorococcus,HLII,False,73.83
2645727588,scB245a_519O11,SAG,Prochlorococcus,HLII,False,72.97
2716884448,AG-449-C14,SAG,Prochlorococcus,HLII,False,72.82
2716884770,AG-418-G18,SAG,Prochlorococcus,HLII,False,72.54
2654587783,scB245a_519E23,SAG,Prochlorococcus,HLII,False,72.19
2667527290,AG-355-J04,SAG,Prochlorococcus,HLII,False,71.95
2716884478,AG-670-M15,SAG,Prochlorococcus,HLII,False,71.83
2667527296,AG-355-K23,SAG,Prochlorococcus,HLII,False,71.78
2667527258,AG-402-G23,SAG,Prochlorococcus,HLII,False,71.56
2716884792,AG-459-D04,SAG,Prochlorococcus,HLII,False,70.79
2716884362,AG-355-A18,SAG,Prochlorococcus,HLII,False,70.43
2716884402,AG-418-G23,SAG,Prochlorococcus,HLII,False,70.2
2667527293,AG-355-K13,SAG,Prochlorococcus,HLII,False,70.01
2716884405,AG-418-J19,SAG,Prochlorococcus,HLII,False,69.7
2648501767,scB245a_519G16,SAG,Prochlorococcus,HLII,False,69.67
2716884790,AG-459-B06,SAG,Prochlorococcus,HLII,False,69.57
2716884401,AG-418-F16,SAG,Prochlorococcus,HLII,False,68.34
2706794829,JGI_GoM_1m_183_H02,SAG,Prochlorococcus,HLII,False,67.75
2667527307,AG-355-N23,SAG,Prochlorococcus,HLII,False,67.37
2716884775,AG-424-M03,SAG,Prochlorococcus,HLII,False,67.1
2716884771,AG-418-I21,SAG,Prochlorococcus,HLII,False,67.07
2716884793,AG-459-E08,SAG,Prochlorococcus,HLII,False,66.94
2654587735,scB245a_521A19,SAG,Prochlorococcus,HLII,False,66.63
2716884794,AG-459-J14,SAG,Prochlorococcus,HLII,False,66.03
2667527254,AG-347-N23,SAG,Prochlorococcus,HLII,False,64.4
2667527336,AG-347-I22,SAG,Prochlorococcus,HLII,False,64.31
2716884735,AG-402-N17,SAG,Prochlorococcus,HLII,False,64.04
2716884437,AG-436-E22,SAG,Prochlorococcus,HLII,False,63.68
2716884765,AG-418-B17,SAG,Prochlorococcus,HLII,False,63.5
2654587782,scB245a_519A13,SAG,Prochlorococcus,HLII,False,62.68
2716884415,AG-424-A03,SAG,Prochlorococcus,HLII,False,62.65
2667527337,AG-347-I23,SAG,Prochlorococcus,HLII,False,61.94
2716884264,AG-347-L13,SAG,Prochlorococcus,HLII,False,61.87
2716884449,AG-449-O05,SAG,Prochlorococcus,HLII,False,61.25
2645727878,scB245a_520E22,SAG,Prochlorococcus,HLII,False,59.96
2716884457,AG-459-A02,SAG,Prochlorococcus,HLII,False,57.49
2716884263,AG-347-K22,SAG,Prochlorococcus,HLII,False,56.9
2645727716,scB245a_520D2,SAG,Prochlorococcus,HLII,False,56.84
2716884418,AG-424-G03,SAG,Prochlorococcus,HLII,False,56.25
2716884453,AG-455-E15,SAG,Prochlorococcus,HLII,False,56.21
2716884365,AG-355-K10,SAG,Prochlorococcus,HLII,False,55.17
2716884479,AG-670-M18,SAG,Prochlorococcus,HLII,False,53.68
2667527244,AG-347-K23,SAG,Prochlorococcus,HLII,False,53.12
2684622569,scB241_526B22,SAG,Prochlorococcus,HLII,False,52.99
2648501917,scB245a_521O23,SAG,Prochlorococcus,HLII,False,52.53
2716884767,AG-418-C17,SAG,Prochlorococcus,HLII,True,52.47
2648501807,scB245a_521C8,SAG,Prochlorococcus,HLII,False,52.13
2667527283,AG-355-A02,SAG,Prochlorococcus,HLII,False,50.86
2667527280,AG-402-O23,SAG,Prochlorococcus,HLII,False,49.74
2716884407,AG-418-L19,SAG,Prochlorococcus,HLII,False,49.59
2667527356,AG-363-A05,SAG,Prochlorococcus,HLII,False,49.23
2667527243,AG-347-K21,SAG,Prochlorococcus,HLII,False,48.69
2648501403,scB243_498N8,SAG,Prochlorococcus,HLII,False,48.57
2716884355,AG-347-B08,SAG,Prochlorococcus,HLII,False,47.28
2716884801,AG-459-P20,SAG,Prochlorococcus,HLII,False,47.01
2667527346,AG-355-J21,SAG,Prochlorococcus,HLII,False,45.29
2716884474,AG-670-J21,SAG,Prochlorococcus,HLII,False,44.63
2716884780,AG-432-K16,SAG,Prochlorococcus,HLII,False,43.71
2716884726,AG-347-J05,SAG,Prochlorococcus,HLII,False,43.29
2716884363,AG-355-J17,SAG,Prochlorococcus,HLII,False,43.1
2667527305,AG-355-N21,SAG,Prochlorococcus,HLII,False,41.38
2654587612,scB245a_521M10,SAG,Prochlorococcus,HLII,False,41.38
2667527299,AG-355-L21,SAG,Prochlorococcus,HLII,False,40.49
2716884788,AG-449-K21,SAG,Prochlorococcus,HLII,False,39.95
2716884784,AG-449-D16,SAG,Prochlorococcus,HLII,False,39.4
2716884785,AG-449-D22,SAG,Prochlorococcus,HLII,False,39.4
2654587690,scB245a_521N5,SAG,Prochlorococcus,HLII,False,38.5
2716884366,AG-355-O19,SAG,Prochlorococcus,HLII,False,37.32
2716884719,AG-335-J02,SAG,Prochlorococcus,HLII,False,36.91
2716884422,AG-429-C19,SAG,Prochlorococcus,HLII,False,35.87
2667527353,AG-355-P23,SAG,Prochlorococcus,HLII,False,34.64
2551306659,W6,SAG,Prochlorococcus,HLII,False,32.31
2716884452,AG-455-E04,SAG,Prochlorococcus,HLII,False,31.21
2645727953,scB245a_519B7,SAG,Prochlorococcus,HLII,False,31.03
2706794882,JGI_GoM_1m_183_H07,SAG,Prochlorococcus,HLII,False,30.2
2671180704,scB241_526B19,SAG,Prochlorococcus,HLII,False,30.17
2716884803,AG-469-M13,SAG,Prochlorococcus,HLII,False,28.43
2716884260,AG-335-I15,SAG,Prochlorococcus,HLII,False,26.69
2716884423,AG-429-E20,SAG,Prochlorococcus,HLII,False,25.86
2645727771,scB245a_521N3,SAG,Prochlorococcus,HLII,False,25.86
2706794833,JGI_GoM_1m_183_B01,SAG,Prochlorococcus,HLII,False,22.41
2716884779,AG-432-G10,SAG,Prochlorococcus,HLII,False,21.26
2716884421,AG-429-A02,SAG,Prochlorococcus,HLII,False,18.98
2716884408,AG-418-M05,SAG,Prochlorococcus,HLII,False,17.85
2716884774,AG-424-L22,SAG,Prochlorococcus,HLII,False,11.91
2645727954,scB245a_520M11,SAG,Prochlorococcus,HLII,False,8.62
2716884425,AG-429-P21,SAG,Prochlorococcus,HLII,False,6.21
2681813573,MIT1314,ISOLATE,Prochlorococcus,HLII,False,100.0
2606217687,MIT9201,ISOLATE,Prochlorococcus,HLII,False,100.0
2606217677,SB,ISOLATE,Prochlorococcus,HLII,False,99.91
2606217688,MIT0604,ISOLATE,Prochlorococcus,HLII,False,99.73
2606217559,MIT9215,ISOLATE,Prochlorococcus,HLII,False,99.73
2606217680,MIT9311,ISOLATE,Prochlorococcus,HLII,False,99.73
2606217708,MIT9312,ISOLATE,Prochlorococcus,HLII,False,99.73
2606217312,MIT9314,ISOLATE,Prochlorococcus,HLII,False,99.73
2606217683,MIT9321,ISOLATE,Prochlorococcus,HLII,False,99.73
2606217679,MIT9322,ISOLATE,Prochlorococcus,HLII,False,99.73
2606217316,MIT9401,ISOLATE,Prochlorococcus,HLII,False,99.73
2623620959,AS9601,ISOLATE,Prochlorococcus,HLII,False,99.64
2606217606,GP2,ISOLATE,Prochlorococcus,HLII,False,99.46
2606217692,MIT9107,ISOLATE,Prochlorococcus,HLII,False,99.46
2623620961,MIT9301,ISOLATE,Prochlorococcus,HLII,False,99.46
2606217690,MIT9116,ISOLATE,Prochlorococcus,HLII,False,99.18
2606217318,MIT9123,ISOLATE,Prochlorococcus,HLII,False,99.18
2606217691,MIT9302,ISOLATE,Prochlorococcus,HLII,False,99.18
2623620984,MIT9202,ISOLATE,Prochlorococcus,HLII,False,98.78
2667527345,AG-402-L18,SAG,Prochlorococcus,HLII.HLVI,False,87.09
2716884450,AG-449-P16,SAG,Prochlorococcus,HLII.HLVI,False,63.04
2716884485,AG-670-O19,SAG,Prochlorococcus,HLII.HLVI,False,49.63
2551306554,W8,SAG,Prochlorococcus,HLIII,False,61.01
2551306661,W7,SAG,Prochlorococcus,HLIII,False,55.71
2551306547,W3,SAG,Prochlorococcus,HLIII,False,19.25
2716884709,AG-321-K11,SAG,Prochlorococcus,HLIII,False,16.44
2551306556,W9,SAG,Prochlorococcus,HLIII,False,13.79
2551306555,W5,SAG,Prochlorococcus,HLIII,False,6.03
2716884766,AG-418-C09,SAG,Prochlorococcus,HLIII.HLIV.HLV,True,91.3
2551306553,W2,SAG,Prochlorococcus,HLIV,False,76.84
2551306550,W11,SAG,Prochlorococcus,HLIV,False,46.21
2551306560,W4,SAG,Prochlorococcus,HLIV,False,38.09
2551306558,W10,SAG,Prochlorococcus,HLIV,False,25.34
2551306551,W12,SAG,Prochlorococcus,HLIV,False,17.24
2667527317,AG-363-P06,SAG,Prochlorococcus,HLVI,False,99.18
2667527266,AG-402-K10,SAG,Prochlorococcus,HLVI,False,93.61
2667527363,AG-363-B18,SAG,Prochlorococcus,HLVI,False,93.39
2716884756,AG-412-F02,SAG,Prochlorococcus,HLVI,False,77.28
2716884441,AG-436-O11,SAG,Prochlorococcus,HLVI,False,75.5
2716884432,AG-436-C05,SAG,Prochlorococcus,HLVI,False,69.85
2716884387,AG-409-A22,SAG,Prochlorococcus,HLVI,False,62.36
2667527373,AG-363-L17,SAG,Prochlorococcus,HLVI,True,57.2
2716884741,AG-409-E23,SAG,Prochlorococcus,HLVI,False,51.27
2716884431,AG-436-B23,SAG,Prochlorococcus,HLVI,False,43.66
2716884762,AG-412-N03,SAG,Prochlorococcus,HLVI,False,4.17
2667527282,AG-402-P18,SAG,Prochlorococcus,LLI,False,94.66
2667527279,AG-402-O21,SAG,Prochlorococcus,LLI,False,94.38
2716884434,AG-436-C14,SAG,Prochlorococcus,LLI,False,92.92
2667527261,AG-402-I21,SAG,Prochlorococcus,LLI,False,92.53
2716884375,AG-402-B05,SAG,Prochlorococcus,LLI,False,92.26
2716884374,AG-402-B03,SAG,Prochlorococcus,LLI,False,91.3
2667527260,AG-402-I20,SAG,Prochlorococcus,LLI,False,90.81
2667527270,AG-402-L20,SAG,Prochlorococcus,LLI,False,89.92
2667527256,AG-402-A21,SAG,Prochlorococcus,LLI,False,89.8
2667527273,AG-402-M18,SAG,Prochlorococcus,LLI,False,89.43
2716884371,AG-388-O02,SAG,Prochlorococcus,LLI,False,89.07
2716884757,AG-412-G19,SAG,Prochlorococcus,LLI,False,87.95
2667527259,AG-402-I05,SAG,Prochlorococcus,LLI,False,87.77
2716884732,AG-402-B19,SAG,Prochlorococcus,LLI,False,87.41
2716884384,AG-402-N09,SAG,Prochlorococcus,LLI,False,87.36
2667527268,AG-402-L09,SAG,Prochlorococcus,LLI,False,87.09
2716884377,AG-402-C09,SAG,Prochlorococcus,LLI,False,86.91
2716884385,AG-409-A10,SAG,Prochlorococcus,LLI,False,86.68
2716884381,AG-402-G08,SAG,Prochlorococcus,LLI,False,85.76
2716884265,AG-402-G06,SAG,Prochlorococcus,LLI,False,84.69
2667527342,AG-402-K14,SAG,Prochlorococcus,LLI,False,84.51
2716884373,AG-402-A08,SAG,Prochlorococcus,LLI,False,84.44
2667527274,AG-402-M23,SAG,Prochlorococcus,LLI,False,84.38
2716884763,AG-412-O03,SAG,Prochlorococcus,LLI,False,79.48
2667527281,AG-402-P16,SAG,Prochlorococcus,LLI,False,78.67
2716884685,AG-311-J23,SAG,Prochlorococcus,LLI,False,77.9
2667527262,AG-402-I22,SAG,Prochlorococcus,LLI,False,77.24
2716884500,AG-679-I23,SAG,Prochlorococcus,LLI,False,76.36
2716884799,AG-459-P07,SAG,Prochlorococcus,LLI,False,74.16
2716884370,AG-388-L21,SAG,Prochlorococcus,LLI,False,74.13
2716884382,AG-402-K04,SAG,Prochlorococcus,LLI,False,73.97
2716884681,AG-311-D23,SAG,Prochlorococcus,LLI,False,72.96
2667527354,AG-363-A03,SAG,Prochlorococcus,LLI,False,71.65
2716884379,AG-402-E17,SAG,Prochlorococcus,LLI,False,70.56
2716884772,AG-424-E20,SAG,Prochlorococcus,LLI,False,67.69
2667527361,AG-363-B05,SAG,Prochlorococcus,LLI,False,66.18
2716884734,AG-402-G19,SAG,Prochlorococcus,LLI,False,65.62
2667527264,AG-402-J18,SAG,Prochlorococcus,LLI,False,61.78
2716884806,AG-673-K22,SAG,Prochlorococcus,LLI,False,61.05
2716884738,AG-409-D14,SAG,Prochlorococcus,LLI,False,60.33
2716884711,AG-331-M18,SAG,Prochlorococcus,LLI,False,58.83
2716884689,AG-315-B03,SAG,Prochlorococcus,LLI,False,56.97
2716884376,AG-402-B10,SAG,Prochlorococcus,LLI,False,55.66
2716884690,AG-315-C08,SAG,Prochlorococcus,LLI,False,53.87
2716884269,AG-436-J02,SAG,Prochlorococcus,LLI,False,53.53
2716884746,AG-409-J03,SAG,Prochlorococcus,LLI,False,53.44
2667527367,AG-363-G03,SAG,Prochlorococcus,LLI,False,52.3
2716884451,AG-455-B05,SAG,Prochlorococcus,LLI,False,51.86
2716884639,AG-315-I14,SAG,Prochlorococcus,LLI,False,50.93
2716884692,AG-315-D17,SAG,Prochlorococcus,LLI,False,50.18
2716884426,AG-432-B15,SAG,Prochlorococcus,LLI,False,49.12
2667527355,AG-363-A04,SAG,Prochlorococcus,LLI,False,47.45
2716884791,AG-459-C18,SAG,Prochlorococcus,LLI,False,47.33
2716884454,AG-455-G08,SAG,Prochlorococcus,LLI,False,46.99
2716884633,AG-311-K21,SAG,Prochlorococcus,LLI,False,46.35
2667527376,AG-363-M20,SAG,Prochlorococcus,LLI,False,45.64
2716884640,AG-315-N18,SAG,Prochlorococcus,LLI,False,45.52
2667527269,AG-402-L19,SAG,Prochlorococcus,LLI,False,45.52
2716884777,AG-432-A07,SAG,Prochlorococcus,LLI,False,42.53
2667527364,AG-363-B19,SAG,Prochlorococcus,LLI,False,41.58
2716884691,AG-315-C22,SAG,Prochlorococcus,LLI,False,40.3
2716884778,AG-432-E11,SAG,Prochlorococcus,LLI,False,38.63
2716884724,AG-341-E15,SAG,Prochlorococcus,LLI,False,35.64
2716884650,AG-331-A01,SAG,Prochlorococcus,LLI,False,35.33
2716884349,AG-341-N05,SAG,Prochlorococcus,LLI,False,34.66
2716884781,AG-432-K17,SAG,Prochlorococcus,LLI,False,34.48
2716884710,AG-331-C07,SAG,Prochlorococcus,LLI,False,33.7
2716884693,AG-315-J23,SAG,Prochlorococcus,LLI,False,32.29
2716884347,AG-341-I22,SAG,Prochlorococcus,LLI,False,31.66
2716884697,AG-315-M16,SAG,Prochlorococcus,LLI,False,31.03
2716884688,AG-315-A03,SAG,Prochlorococcus,LLI,False,29.31
2716884641,AG-315-O03,SAG,Prochlorococcus,LLI,False,28.69
2716884694,AG-315-K21,SAG,Prochlorococcus,LLI,False,24.2
2716884723,AG-341-A02,SAG,Prochlorococcus,LLI,False,23.1
2716884695,AG-315-L02,SAG,Prochlorococcus,LLI,False,22.28
2716884632,AG-311-K14,SAG,Prochlorococcus,LLI,False,20.69
2716884725,AG-341-K02,SAG,Prochlorococcus,LLI,False,17.24
2716884637,AG-311-N19,SAG,Prochlorococcus,LLI,False,16.11
2716884661,AG-331-K04,SAG,Prochlorococcus,LLI,False,15.74
2716884635,AG-311-L21,SAG,Prochlorococcus,LLI,False,15.67
2716884652,AG-331-B22,SAG,Prochlorococcus,LLI,False,15.52
2716884654,AG-331-D10,SAG,Prochlorococcus,LLI,False,15.52
2716884696,AG-315-L09,SAG,Prochlorococcus,LLI,False,14.04
2716884348,AG-341-L22,SAG,Prochlorococcus,LLI,False,12.5
2716884638,AG-315-I10,SAG,Prochlorococcus,LLI,False,12.24
2716884424,AG-429-J03,SAG,Prochlorococcus,LLI,False,12.19
2716884429,AG-436-A02,SAG,Prochlorococcus,LLI,False,12.15
2716884682,AG-311-I02,SAG,Prochlorococcus,LLI,False,11.16
2716884350,AG-341-O20,SAG,Prochlorococcus,LLI,False,10.34
2716884346,AG-341-B22,SAG,Prochlorococcus,LLI,False,8.62
2716884261,AG-341-K05,SAG,Prochlorococcus,LLI,True,8.62
2716884351,AG-341-P17,SAG,Prochlorococcus,LLI,False,8.33
2716884657,AG-331-E16,SAG,Prochlorococcus,LLI,False,5.17
2716884354,AG-345-P13,SAG,Prochlorococcus,LLI,False,4.94
2716884353,AG-345-M19,SAG,Prochlorococcus,LLI,False,3.97
2716884352,AG-345-K09,SAG,Prochlorococcus,LLI,False,3.45
2623620348,NATL1A,ISOLATE,Prochlorococcus,LLI,False,99.73
2606217240,NATL2A,ISOLATE,Prochlorococcus,LLI,False,99.45
2606217560,MIT0801,ISOLATE,Prochlorococcus,LLI,False,99.18
2681812899,MIT0912,ISOLATE,Prochlorococcus,LLI,False,99.18
2681812900,MIT0913,ISOLATE,Prochlorococcus,LLI,False,99.18
2681812904,MIT1013,ISOLATE,Prochlorococcus,LLI,False,99.18
2681813567,MIT1214,ISOLATE,Prochlorococcus,LLI,False,99.18
2606217419,PAC1,ISOLATE,Prochlorococcus,LLI,False,99.18
2681812859,MIT0917,ISOLATE,Prochlorococcus,LLI,False,98.91
2681812901,MIT0915,ISOLATE,Prochlorococcus,LLI,False,98.64
2716884399,AG-409-P19,SAG,Prochlorococcus,LLI.LLVIII,False,67.75
2716884266,AG-409-D09,SAG,Prochlorococcus,LLI.LLVIII,False,65.03
2716884733,AG-402-G10,SAG,Prochlorococcus,LLII.LLIII,False,91.3
2667527257,AG-402-G22,SAG,Prochlorococcus,LLII.LLIII,False,87.6
2716884764,AG-412-P08,SAG,Prochlorococcus,LLII.LLIII,False,85.46
2667527310,AG-363-N16,SAG,Prochlorococcus,LLII.LLIII,False,85.29
2716884433,AG-436-C13,SAG,Prochlorococcus,LLII.LLIII,False,82.34
2667527362,AG-363-B11,SAG,Prochlorococcus,LLII.LLIII,False,82.05
2716884751,AG-409-K04,SAG,Prochlorococcus,LLII.LLIII,False,80.57
2667527365,AG-363-C02,SAG,Prochlorococcus,LLII.LLIII,False,77.85
2716884438,AG-436-M02,SAG,Prochlorococcus,LLII.LLIII,False,77.33
2716884271,AG-436-K22,SAG,Prochlorococcus,LLII.LLIII,False,73.51
2667527369,AG-363-I21,SAG,Prochlorococcus,LLII.LLIII,False,68.49
2716884754,AG-409-L21,SAG,Prochlorococcus,LLII.LLIII,False,67.53
2716884440,AG-436-O09,SAG,Prochlorococcus,LLII.LLIII,False,66.62
2667527327,AG-363-M21,SAG,Prochlorococcus,LLII.LLIII,False,64.9
2716884742,AG-409-F19,SAG,Prochlorococcus,LLII.LLIII,False,52.99
2716884267,AG-432-D11,SAG,Prochlorococcus,LLII.LLIII,False,52.76
2667527328,AG-363-N03,SAG,Prochlorococcus,LLII.LLIII,False,51.49
2716884443,AG-436-O20,SAG,Prochlorococcus,LLII.LLIII,False,45.08
2716884442,AG-436-O17,SAG,Prochlorococcus,LLII.LLIII,False,44.64
2716884750,AG-409-J23,SAG,Prochlorococcus,LLII.LLIII,False,43.81
2716884392,AG-409-D06,SAG,Prochlorococcus,LLII.LLIII,False,36.93
2667527368,AG-363-G23,SAG,Prochlorococcus,LLII.LLIII,False,33.97
2716884736,AG-409-A23,SAG,Prochlorococcus,LLII.LLIII,False,33.02
2606217317,MIT0602,ISOLATE,Prochlorococcus,LLII.LLIII,False,100.0
2606217686,MIT0603,ISOLATE,Prochlorococcus,LLII.LLIII,False,100.0
2606217313,SS2,ISOLATE,Prochlorococcus,LLII.LLIII,False,100.0
2606217315,SS51,ISOLATE,Prochlorococcus,LLII.LLIII,False,100.0
2606217685,LG,ISOLATE,Prochlorococcus,LLII.LLIII,False,99.86
2623620733,SS120,ISOLATE,Prochlorococcus,LLII.LLIII,False,99.86
2606217311,SS35,ISOLATE,Prochlorococcus,LLII.LLIII,False,99.86
2606217314,SS52,ISOLATE,Prochlorococcus,LLII.LLIII,False,99.86
2606217319,MIT0601,ISOLATE,Prochlorococcus,LLII.LLIII,False,99.73
2681812903,MIT0919,ISOLATE,Prochlorococcus,LLII.LLIII,False,99.73
2623620960,MIT9211,ISOLATE,Prochlorococcus,LLII.LLIII,False,99.73
2681812902,MIT0918,ISOLATE,Prochlorococcus,LLII.LLIII,False,99.46
2681813571,MIT1304,ISOLATE,Prochlorococcus,LLII.LLIII,False,99.46
2716884758,AG-412-I05,SAG,Prochlorococcus,LLIV,False,71.6
2716884444,AG-436-P23,SAG,Prochlorococcus,LLIV,False,70.16
2716884761,AG-412-L10,SAG,Prochlorococcus,LLIV,False,60.57
2716884759,AG-412-I20,SAG,Prochlorococcus,LLIV,False,57.25
2716884464,AG-463-F02,SAG,Prochlorococcus,LLIV,False,45.91
2716884427,AG-432-D09,SAG,Prochlorococcus,LLIV,False,37.94
2716884471,AG-463-P23,SAG,Prochlorococcus,LLIV,False,34.15
2716884270,AG-436-J08,SAG,Prochlorococcus,LLIV,False,26.33
2716884268,AG-436-F13,SAG,Prochlorococcus,LLIV,False,9.66
2606217684,MIT0701,ISOLATE,Prochlorococcus,LLIV,False,100.0
2606217681,MIT0702,ISOLATE,Prochlorococcus,LLIV,False,100.0
2681813569,MIT1227,ISOLATE,Prochlorococcus,LLIV,False,100.0
2681812924,MIT1306,ISOLATE,Prochlorococcus,LLIV,False,100.0
2681812925,MIT1312,ISOLATE,Prochlorococcus,LLIV,False,100.0
2681812926,MIT1313,ISOLATE,Prochlorococcus,LLIV,False,100.0
2681812927,MIT1318,ISOLATE,Prochlorococcus,LLIV,False,100.0
2681812949,MIT1327,ISOLATE,Prochlorococcus,LLIV,False,100.0
2681812950,MIT1342,ISOLATE,Prochlorococcus,LLIV,False,100.0
2623620962,MIT9303,ISOLATE,Prochlorococcus,LLIV,False,100.0
2606217682,MIT0703,ISOLATE,Prochlorococcus,LLIV,False,99.86
2681812923,MIT1303,ISOLATE,Prochlorococcus,LLIV,False,99.73
2681812928,MIT1320,ISOLATE,Prochlorococcus,LLIV,False,99.73
2681812948,MIT1323,ISOLATE,Prochlorococcus,LLIV,False,99.73
2681813566,MIT1205,ISOLATE,Prochlorococcus,LLIV,False,99.46
2681813575,MIT1418,ISOLATE,Prochlorococcus,LLIV,False,99.46
2606217562,MIT9313,ISOLATE,Prochlorococcus,LLIV,False,99.46
2716884748,AG-409-J16,SAG,Prochlorococcus,LLVII,False,98.91
2716884397,AG-409-P01,SAG,Prochlorococcus,LLVII,False,96.38
2667527320,AG-363-P19,SAG,Prochlorococcus,LLVII,False,94.02
2667527359,AG-363-A16,SAG,Prochlorococcus,LLVII,False,93.34
2716884753,AG-409-L18,SAG,Prochlorococcus,LLVII,False,92.39
2667527371,AG-363-K07,SAG,Prochlorococcus,LLVII,False,91.21
2667527366,AG-363-C20,SAG,Prochlorococcus,LLVII,False,90.22
2716884388,AG-409-B05,SAG,Prochlorococcus,LLVII,False,86.08
2667527318,AG-363-P08,SAG,Prochlorococcus,LLVII,False,85.14
2716884749,AG-409-J19,SAG,Prochlorococcus,LLVII,False,83.97
2716884743,AG-409-G20,SAG,Prochlorococcus,LLVII,False,83.83
2716884394,AG-409-M05,SAG,Prochlorococcus,LLVII,False,82.07
2667527311,AG-363-N20,SAG,Prochlorococcus,LLVII,False,77.85
2667527312,AG-363-O06,SAG,Prochlorococcus,LLVII,False,77.58
2667527313,AG-363-O15,SAG,Prochlorococcus,LLVII,False,77.12
2667527360,AG-363-B04,SAG,Prochlorococcus,LLVII,False,75.68
2667527316,AG-363-P01,SAG,Prochlorococcus,LLVII,False,73.19
2716884396,AG-409-O23,SAG,Prochlorococcus,LLVII,False,72.78
2716884389,AG-409-B13,SAG,Prochlorococcus,LLVII,False,72.55
2667527375,AG-363-M17,SAG,Prochlorococcus,LLVII,False,72.28
2716884744,AG-409-I11,SAG,Prochlorococcus,LLVII,False,71.44
2667527370,AG-363-J23,SAG,Prochlorococcus,LLVII,False,67.53
2716884395,AG-409-N21,SAG,Prochlorococcus,LLVII,False,67.39
2716884398,AG-409-P03,SAG,Prochlorococcus,LLVII,False,66.98
2667527319,AG-363-P15,SAG,Prochlorococcus,LLVII,False,60.4
2716884465,AG-463-F15,SAG,Prochlorococcus,LLVII,False,59.92
2716884470,AG-463-P14,SAG,Prochlorococcus,LLVII,False,59.48
2667527314,AG-363-O16,SAG,Prochlorococcus,LLVII,False,58.69
2716884752,AG-409-L14,SAG,Prochlorococcus,LLVII,False,56.34
2716884386,AG-409-A19,SAG,Prochlorococcus,LLVII,False,56.02
2667527309,AG-363-I04,SAG,Prochlorococcus,LLVII,False,50.82
2667527372,AG-363-L02,SAG,Prochlorococcus,LLVII,False,50.4
2667527357,AG-363-A06,SAG,Prochlorococcus,LLVII,False,47.87
2716884390,AG-409-B20,SAG,Prochlorococcus,LLVII,False,46.72
2716884468,AG-463-L06,SAG,Prochlorococcus,LLVII,False,46.26
2667527358,AG-363-A15,SAG,Prochlorococcus,LLVII,False,44.55
2716884739,AG-409-D20,SAG,Prochlorococcus,LLVII,False,43.48
2716884469,AG-463-N15,SAG,Prochlorococcus,LLVII,False,41.67
2667527265,AG-402-K05,SAG,Prochlorococcus,LLVII,False,41.38
2667527374,AG-363-L19,SAG,Prochlorococcus,LLVII,False,37.93
2716884391,AG-409-C21,SAG,Prochlorococcus,LLVII,False,37.93
2716884747,AG-409-J11,SAG,Prochlorococcus,LLVII,False,37.29
2667527315,AG-363-O21,SAG,Prochlorococcus,LLVII,False,36.21
2716884467,AG-463-J16,SAG,Prochlorococcus,LLVII,False,36.11
2716884439,AG-436-N08,SAG,Prochlorococcus,LLVII,False,34.48
2716884740,AG-409-E05,SAG,Prochlorococcus,LLVII,False,29.94
2716884745,AG-409-I21,SAG,Prochlorococcus,LLVII,False,29.66
2716884466,AG-463-I04,SAG,Prochlorococcus,LLVII,False,28.48
2716884428,AG-432-O20,SAG,Prochlorococcus,LLVII,False,25.86
2716884737,AG-409-B09,SAG,Prochlorococcus,LLVII,False,24.59
2716884463,AG-463-D18,SAG,Prochlorococcus,LLVII,False,21.22
2716884393,AG-409-M02,SAG,Prochlorococcus,LLVII,False,18.97
2716884462,AG-463-D13,SAG,Prochlorococcus,LLVII,False,13.79
2716884435,AG-436-D07,SAG,Prochlorococcus,LLVII,False,13.1
2716884461,AG-463-A20,SAG,Prochlorococcus,LLVII,False,5.17
2681813574,MIT1341,ISOLATE,Prochlorococcus,LLVII,False,100.0
2681813570,MIT1300,ISOLATE,Prochlorococcus,LLVII,False,99.86
2681813572,MIT1307,ISOLATE,Prochlorococcus,LLVII,False,99.18
2667527276,AG-402-N21,SAG,Prochlorococcus,LLVIII,False,79.8
2681813568,MIT1223,ISOLATE,Prochlorococcus,LLVIII,False,99.18
2716884670,AG-679-B05,SAG,Synechococcus,5.1A-CRD2,False,81.1
2716884624,AG-679-D13,SAG,Synechococcus,5.1A-CRD2,False,72.55
2716884616,AG-673-A10,SAG,Synechococcus,5.1A-CRD2,False,58.11
2716884622,AG-676-F02,SAG,Synechococcus,5.1A-CRD2,False,54.7
2716884666,AG-673-B04,SAG,Synechococcus,5.1A-CRD2,False,54.3
2716884617,AG-673-B08,SAG,Synechococcus,5.1A-CRD2,False,52.05
2716884623,AG-679-B21,SAG,Synechococcus,5.1A-CRD2,False,35.43
2716884619,AG-676-A03,SAG,Synechococcus,5.1A-CRD2,False,16.81
2716884610,AG-670-B23,SAG,Synechococcus,5.1A-II,False,86.46
2716884609,AG-670-A19,SAG,Synechococcus,5.1A-II,False,47.37
2716884607,AG-670-A04,SAG,Synechococcus,5.1A-II,False,45.29
2716884614,AG-670-G20,SAG,Synechococcus,5.1A-II,False,27.59
2706794905,JGI_ETNP_125m_186_G07,SAG,Synechococcus,5.1A-II,False,8.62
2507262012,KORDI-52,ISOLATE,Synechococcus,5.1A-II,False,100.0
2606217400,CC9605,ISOLATE,Synechococcus,5.1A-II,False,99.73
2563366603,WH8109,ISOLATE,Synechococcus,5.1A-II,False,99.46
2716884608,AG-670-A05,SAG,Synechococcus,5.1A-III,False,81.39
2687453380,WH8103,ISOLATE,Synechococcus,5.1A-III,False,99.73
2606217514,WH8102,ISOLATE,Synechococcus,5.1A-III,False,99.46
2716884631,AG-686-B21,SAG,Synechococcus,5.1A-IV,False,75.48
2716884628,AG-683-C23,SAG,Synechococcus,5.1A-IV,False,74.77
2716884674,AG-683-B21,SAG,Synechococcus,5.1A-IV,False,61.67
2716884677,AG-686-C21,SAG,Synechococcus,5.1A-IV,False,48.45
2716884673,AG-683-B03,SAG,Synechococcus,5.1A-IV,False,44.47
2716884627,AG-683-A22,SAG,Synechococcus,5.1A-IV,False,41.12
2716884678,AG-686-C23,SAG,Synechococcus,5.1A-IV,False,22.55
2623620351,BL107,ISOLATE,Synechococcus,5.1A-IV,False,99.73
2606217272,CC9902,ISOLATE,Synechococcus,5.1A-IV,False,99.73
2716884612,AG-670-F04,SAG,Synechococcus,5.1A-UC-A-EnvC,False,68.07
2716884611,AG-670-D07,SAG,Synechococcus,5.1A-UC-A-EnvC,False,51.98
2517093019,CC9616,ISOLATE,Synechococcus,5.1A-UC-A-EnvC,False,99.46
2507262013,KORDI-100,ISOLATE,Synechococcus,5.1A-UC-A-EnvC,False,99.46
2507262011,KORDI-49,ISOLATE,Synechococcus,5.1A-WPC1,False,99.37
2716884258,AG-676-E04,SAG,Synechococcus,5.1A-unclassified,False,17.93
2716884601,AG-323-F11,SAG,Synechococcus,5.1A-unclassified,False,5.17
2716884257,AG-673-D02,SAG,Synechococcus,5.1B-CRD1,False,86.21
2716884667,AG-676-A21,SAG,Synechococcus,5.1B-CRD1,False,78.46
2716884618,AG-673-F03,SAG,Synechococcus,5.1B-CRD1,False,77.9
2716884613,AG-670-F22,SAG,Synechococcus,5.1B-CRD1,False,73.1
2716884672,AG-679-E23,SAG,Synechococcus,5.1B-CRD1,False,72.55
2716884669,AG-679-A04,SAG,Synechococcus,5.1B-CRD1,False,71.2
2716884615,AG-673-A03,SAG,Synechococcus,5.1B-CRD1,False,69.77
2716884621,AG-676-E23,SAG,Synechococcus,5.1B-CRD1,False,67.53
2716884620,AG-676-C06,SAG,Synechococcus,5.1B-CRD1,False,66.44
2716884668,AG-679-A02,SAG,Synechococcus,5.1B-CRD1,False,62.76
2716884675,AG-683-G11,SAG,Synechococcus,5.1B-CRD1,False,50.17
2716884629,AG-683-F20,SAG,Synechococcus,5.1B-CRD1,False,30.17
2716884599,AG-323-A01,SAG,Synechococcus,5.1B-CRD1,False,6.32
2716884600,AG-323-A11,SAG,Synechococcus,5.1B-CRD1,False,4.17
2716884679,AG-686-D09,SAG,Synechococcus,5.1B-CRD1,False,4.17
2681812952,MIT9508,ISOLATE,Synechococcus,5.1B-CRD1,False,100.0
2681812951,MIT9504,ISOLATE,Synechococcus,5.1B-CRD1,False,99.73
2681812953,MIT9509,ISOLATE,Synechococcus,5.1B-CRD1,False,99.18
2716884671,AG-679-C18,SAG,Synechococcus,5.1B-I,False,87.57
2716884680,AG-686-F08,SAG,Synechococcus,5.1B-I,False,60.01
2716884630,AG-686-A03,SAG,Synechococcus,5.1B-I,False,58.84
2716884626,AG-683-A03,SAG,Synechococcus,5.1B-I,False,52.04
2716884625,AG-683-A02,SAG,Synechococcus,5.1B-I,False,25.12
2716884676,AG-686-A05,SAG,Synechococcus,5.1B-I,False,12.09
2716884602,AG-323-G20,SAG,Synechococcus,5.1B-I,False,5.17
2623620876,CC9311,ISOLATE,Synechococcus,5.1B-I,False,99.73
2645727663,WH8020,ISOLATE,Synechococcus,5.1B-I,False,99.73
2507262052,WH8016,ISOLATE,Synechococcus,5.1B-I,False,99.18
2623620281,RS9916,ISOLATE,Synechococcus,5.1B-IX,False,99.73
2623620330,WH7803,ISOLATE,Synechococcus,5.1B-V,False,98.91
2623620868,WH7805,ISOLATE,Synechococcus,5.1B-VI,False,99.73
638341213,RS9917,ISOLATE,Synechococcus,5.1B-VIII,False,99.73
2718218441,SynAce01,ISOLATE,Synechococcus,5.2,False,99.73
649990022,CB0101,ISOLATE,Synechococcus,5.2,False,99.73
638341214,WH5701,ISOLATE,Synechococcus,5.2,False,99.46
649990023,CB0205,ISOLATE,Synechococcus,5.2,False,99.18
2636415834,GFB01,ISOLATE,Synechococcus,5.2,False,84.81
2716884604,AG-420-M02,SAG,Synechococcus,5.3,False,37.32
2716884606,AG-450-M17,SAG,Synechococcus,5.3,False,20.15
2716884605,AG-450-D21,SAG,Synechococcus,5.3,False,0.0
2623620283,RCC307,ISOLATE,Synechococcus,5.3,False,99.64
2716884603,AG-323-O22,SAG,Synechococcus,Unclassified,False,0.0
2716884854,AG-345-D19,SAG,Uncultured-marine-virus,,False,0.0
2716884855,AG-345-E02,SAG,Uncultured-marine-virus,,False,0.0
2716884582,AG-345-E08,SAG,Uncultured-marine-virus,,False,0.0
2716884583,AG-345-E15,SAG,Uncultured-marine-virus,,False,0.0
2716884584,AG-345-F15,SAG,Uncultured-marine-virus,,False,0.0
2716884585,AG-345-L05,SAG,Uncultured-marine-virus,,False,0.0
2716884586,AG-345-O18,SAG,Uncultured-marine-virus,,False,0.0
2716884856,AG-345-P14,SAG,Uncultured-marine-virus,,False,0.0
2602041545,9515-10a,ISOLATE,Virus,,False,0.0
2609459815,KBS-P-1A,ISOLATE,Virus,,False,0.0
2609459829,KBS-S-2A,ISOLATE,Virus,,False,0.0
2609459788,MED4-117,ISOLATE,Virus,,False,0.0
2597490001,NATL1A-7,ISOLATE,Virus,,False,0.0
2597489913,NATL2A-133,ISOLATE,Virus,,False,0.0
2609459828,P-RSM6,ISOLATE,Virus,,False,0.0
2606217119,P-SS1,ISOLATE,Virus,,False,0.0
2597490306,P-SSP2,ISOLATE,Virus,,False,0.0
2706795243,P-TIM40,ISOLATE,Virus,,False,0.0
2706795204,S-RIM32,ISOLATE,Virus,,False,0.0
2706795328,S-RIM50,ISOLATE,Virus,,False,0.0
2617270996,S-SSM2,ISOLATE,Virus,,False,0.0
2617270995,Syn2,ISOLATE,Virus,,False,0.0
2609459818,Syn10,ISOLATE,Virus,,False,0.0
2609459816,Syn30,ISOLATE,Virus,,False,0.0
2617270994,MED4-184,ISOLATE,Virus,,False,0.0
2609459814,P-SSM3,ISOLATE,Virus,,False,0.0
2606217114,P-SSP10,ISOLATE,Virus,,False,0.0
2716885034,P-TIM68,ISOLATE,Virus,,False,0.0
2706796264,ACG-2014b,ISOLATE,Virus,,False,0.0
2706796644,ACG-2014d,ISOLATE,Virus,,False,0.0
2706796645,ACG-2014e,ISOLATE,Virus,,False,0.0
2706796646,ACG-2014f,ISOLATE,Virus,,False,0.0
2706796647,ACG-2014g,ISOLATE,Virus,,False,0.0
2706795123,ACG-2014i,ISOLATE,Virus,,False,0.0
2706796648,ACG-2014j,ISOLATE,Virus,,False,0.0
2609459806,KBS-M-1A,ISOLATE,Virus,,False,0.0
2706795826,S-CBP1,ISOLATE,Virus,,False,0.0
2706795823,S-CBP2,ISOLATE,Virus,,False,0.0
2706795824,S-CBP3,ISOLATE,Virus,,False,0.0
2706795825,S-CBP4,ISOLATE,Virus,,False,0.0
2706796025,S-CBP42,ISOLATE,Virus,,False,0.0
2602041883,S-CBS1,ISOLATE,Virus,,False,0.0
2597490064,S-CBS4,ISOLATE,Virus,,False,0.0
2700989019,S-MbCM7,ISOLATE,Virus,,False,0.0
2700988993,S-MbCM100,ISOLATE,Virus,,False,0.0
2588253670,P-RSM1,ISOLATE,Virus,,False,0.0
2588253652,P-RSM3,ISOLATE,Virus,,False,0.0
645044525,PSS2,ISOLATE,Virus,,False,0.0
2588253689,S-SSM6a,ISOLATE,Virus,,False,0.0
2588253655,S-SSM6b,ISOLATE,Virus,,False,0.0
2595698497,S-TIM5,ISOLATE,Virus,,False,0.0
2588253699,SS120-1,ISOLATE,Virus,,False,0.0
2588253562,MED4-213,ISOLATE,Virus,,False,0.0
2588253697,P-GSP1,ISOLATE,Virus,,False,0.0
651703066,P-HM1,ISOLATE,Virus,,False,0.0
651703067,P-HM2,ISOLATE,Virus,,False,0.0
651703068,P-RSM4,ISOLATE,Virus,,False,0.0
2588253684,P-RSP2,ISOLATE,Virus,,False,0.0
638275926,P-SSM2,ISOLATE,Virus,,False,0.0
638275927,P-SSM4,ISOLATE,Virus,,False,0.0
2588253666,P-SSM5,ISOLATE,Virus,,False,0.0
651703069,P-SSM7,ISOLATE,Virus,,False,0.0
2588253654,P-SSP3,ISOLATE,Virus,,False,0.0
2588253554,P-SSP6,ISOLATE,Virus,,False,0.0
638275928,P-SSP7,ISOLATE,Virus,,False,0.0
651703070,Syn1,ISOLATE,Virus,,False,0.0
651703071,Syn33,ISOLATE,Virus,,False,0.0
638276930,P60,ISOLATE,Virus,,False,0.0
2588253665,S-CAM1,ISOLATE,Virus,,False,0.0
2588253564,S-CAM8,ISOLATE,Virus,,False,0.0
651703099,S-CBS2,ISOLATE,Virus,,False,0.0
651703100,S-CBS3,ISOLATE,Virus,,False,0.0
2588253677,S-IOM18,ISOLATE,Virus,,False,0.0
2595698409,S-MbCM6,ISOLATE,Virus,,False,0.0
638275561,S-PM2,ISOLATE,Virus,,False,0.0
2588253679,S-RIP1,ISOLATE,Virus,,False,0.0
2588253671,S-RIP2,ISOLATE,Virus,,False,0.0
645044605,S-RSM4,ISOLATE,Virus,,False,0.0
2588253685,S-SKS1,ISOLATE,Virus,,False,0.0
651703102,S-SM1,ISOLATE,Virus,,False,0.0
651703103,S-SM2,ISOLATE,Virus,,False,0.0
2588253649,S-SSM4,ISOLATE,Virus,,False,0.0
651703104,S-SSM5,ISOLATE,Virus,,False,0.0
651703105,S-SSM7,ISOLATE,Virus,,False,0.0
651703106,S-ShM2,ISOLATE,Virus,,False,0.0
651703107,Syn19,ISOLATE,Virus,,False,0.0
641201056,Syn5,ISOLATE,Virus,,False,0.0
2595698410,metaG-MbCM1,ISOLATE,Virus,,False,0.0
638275565,Syn9,ISOLATE,Virus,,False,0.0
